frequency,scaled_sound_pressure_level,yp
800.0,126.201,126.61975438246635
1000.0,125.201,126.4487585799613
1250.0,125.951,126.23501382682998
1600.0,127.591,125.93577117244614
2000.0,127.461,125.59377956743603
2500.0,125.571,125.1662900611734
3150.0,125.201,124.61055370303197
4000.0,123.061,123.88382154238549
5000.0,121.301,123.02884252986021
6300.0,119.541,121.91736981357737
8000.0,117.151,120.4639054922844
10000.0,115.391,118.75394746723386
12500.0,112.241,116.61649993592069
16000.0,108.721,113.62407339208224
500.0,126.416,126.87624808622394
630.0,127.696,126.76510081459566
800.0,128.086,126.61975438246635
1000.0,126.966,126.4487585799613
1250.0,126.086,126.23501382682998
1600.0,126.986,125.93577117244614
2000.0,126.616,125.59377956743603
2500.0,124.106,125.1662900611734
3150.0,123.236,124.61055370303197
4000.0,121.106,123.88382154238549
5000.0,119.606,123.02884252986021
6300.0,117.976,121.91736981357737
8000.0,116.476,120.4639054922844
10000.0,113.076,118.75394746723386
12500.0,111.076,116.61649993592069
200.0,118.129,127.13274178998151
250.0,119.319,127.08999283935525
315.0,122.779,127.0344192035411
400.0,124.809,126.96174598747646
500.0,126.959,126.87624808622394
630.0,128.629,126.76510081459566
800.0,129.099,126.61975438246635
1000.0,127.899,126.4487585799613
1250.0,125.499,126.23501382682998
1600.0,124.049,125.93577117244614
2000.0,123.689,125.59377956743603
2500.0,121.399,125.1662900611734
3150.0,120.319,124.61055370303197
4000.0,119.229,123.88382154238549
5000.0,117.789,123.02884252986021
6300.0,116.229,121.91736981357737
8000.0,114.779,120.4639054922844
10000.0,112.139,118.75394746723386
12500.0,109.619,116.61649993592069
200.0,117.195,127.13274178998151
250.0,118.595,127.08999283935525
315.0,122.765,127.0344192035411
400.0,125.045,126.96174598747646
500.0,127.315,126.87624808622394
630.0,129.095,126.76510081459566
800.0,129.235,126.61975438246635
1000.0,127.365,126.4487585799613
1250.0,124.355,126.23501382682998
1600.0,122.365,125.93577117244614
2000.0,122.375,125.59377956743603
2500.0,120.755,125.1662900611734
3150.0,119.135,124.61055370303197
4000.0,118.145,123.88382154238549
5000.0,115.645,123.02884252986021
6300.0,113.775,121.91736981357737
8000.0,110.515,120.4639054922844
10000.0,108.265,118.75394746723386
800.0,127.122,126.61975438246635
1000.0,125.992,126.4487585799613
1250.0,125.872,126.23501382682998
1600.0,126.632,125.93577117244614
2000.0,126.642,125.59377956743603
2500.0,124.512,125.1662900611734
3150.0,123.392,124.61055370303197
4000.0,121.762,123.88382154238549
5000.0,119.632,123.02884252986021
6300.0,118.122,121.91736981357737
8000.0,115.372,120.4639054922844
10000.0,113.492,118.75394746723386
12500.0,109.222,116.61649993592069
16000.0,106.582,113.62407339208224
315.0,121.851,127.0344192035411
400.0,124.001,126.96174598747646
500.0,126.661,126.87624808622394
630.0,128.311,126.76510081459566
800.0,128.831,126.61975438246635
1000.0,127.581,126.4487585799613
1250.0,125.211,126.23501382682998
1600.0,122.211,125.93577117244614
2000.0,122.101,125.59377956743603
2500.0,120.981,125.1662900611734
3150.0,119.111,124.61055370303197
4000.0,117.741,123.88382154238549
5000.0,116.241,123.02884252986021
6300.0,114.751,121.91736981357737
8000.0,112.251,120.4639054922844
10000.0,108.991,118.75394746723386
12500.0,106.111,116.61649993592069
400.0,127.564,126.96174598747646
500.0,128.454,126.87624808622394
630.0,129.354,126.76510081459566
800.0,129.494,126.61975438246635
1000.0,129.004,126.4487585799613
1250.0,127.634,126.23501382682998
1600.0,126.514,125.93577117244614
2000.0,125.524,125.59377956743603
2500.0,124.024,125.1662900611734
3150.0,121.514,124.61055370303197
4000.0,120.264,123.88382154238549
5000.0,118.134,123.02884252986021
6300.0,116.134,121.91736981357737
8000.0,114.634,120.4639054922844
10000.0,110.224,118.75394746723386
400.0,126.159,126.96174598747646
500.0,128.179,126.87624808622394
630.0,129.569,126.76510081459566
800.0,129.949,126.61975438246635
1000.0,129.329,126.4487585799613
1250.0,127.329,126.23501382682998
1600.0,124.439,125.93577117244614
2000.0,123.069,125.59377956743603
2500.0,122.439,125.1662900611734
3150.0,120.189,124.61055370303197
4000.0,118.689,123.88382154238549
5000.0,117.309,123.02884252986021
6300.0,115.679,121.91736981357737
8000.0,113.799,120.4639054922844
10000.0,112.169,118.75394746723386
315.0,123.312,127.0344192035411
400.0,125.472,126.96174598747646
500.0,127.632,126.87624808622394
630.0,129.292,126.76510081459566
800.0,129.552,126.61975438246635
1000.0,128.312,126.4487585799613
1250.0,125.802,126.23501382682998
1600.0,122.782,125.93577117244614
2000.0,120.532,125.59377956743603
2500.0,120.162,125.1662900611734
3150.0,118.922,124.61055370303197
4000.0,116.792,123.88382154238549
5000.0,115.792,123.02884252986021
6300.0,114.042,121.91736981357737
8000.0,110.652,120.4639054922844
315.0,123.118,127.0344192035411
400.0,125.398,126.96174598747646
500.0,127.548,126.87624808622394
630.0,128.698,126.76510081459566
800.0,128.708,126.61975438246635
1000.0,126.838,126.4487585799613
1250.0,124.838,126.23501382682998
1600.0,122.088,125.93577117244614
2000.0,120.088,125.59377956743603
2500.0,119.598,125.1662900611734
3150.0,118.108,124.61055370303197
4000.0,115.608,123.88382154238549
5000.0,113.858,123.02884252986021
6300.0,109.718,121.91736981357737
250.0,126.395,127.08999283935525
315.0,128.175,127.0344192035411
400.0,129.575,126.96174598747646
500.0,130.715,126.87624808622394
630.0,131.615,126.76510081459566
800.0,131.755,126.61975438246635
1000.0,131.015,126.4487585799613
1250.0,129.395,126.23501382682998
1600.0,126.645,125.93577117244614
2000.0,124.395,125.59377956743603
2500.0,123.775,125.1662900611734
3150.0,121.775,124.61055370303197
4000.0,119.535,123.88382154238549
5000.0,117.785,123.02884252986021
6300.0,116.165,121.91736981357737
8000.0,113.665,120.4639054922844
10000.0,110.905,118.75394746723386
12500.0,107.405,116.61649993592069
250.0,123.543,127.08999283935525
315.0,126.843,127.0344192035411
400.0,128.633,126.96174598747646
500.0,130.173,126.87624808622394
630.0,131.073,126.76510081459566
800.0,130.723,126.61975438246635
1000.0,128.723,126.4487585799613
1250.0,126.343,126.23501382682998
1600.0,123.213,125.93577117244614
2000.0,120.963,125.59377956743603
2500.0,120.233,125.1662900611734
3150.0,118.743,124.61055370303197
4000.0,115.863,123.88382154238549
5000.0,113.733,123.02884252986021
1250.0,128.144,126.23501382682998
1600.0,129.134,125.93577117244614
2000.0,128.244,125.59377956743603
2500.0,128.354,125.1662900611734
3150.0,127.834,124.61055370303197
4000.0,125.824,123.88382154238549
5000.0,124.304,123.02884252986021
6300.0,122.044,121.91736981357737
8000.0,118.024,120.4639054922844
10000.0,118.134,118.75394746723386
12500.0,117.624,116.61649993592069
16000.0,114.984,113.62407339208224
20000.0,114.474,110.20415734198116
315.0,119.54,127.0344192035411
400.0,121.66,126.96174598747646
500.0,123.78,126.87624808622394
630.0,126.16,126.76510081459566
800.0,127.53,126.61975438246635
1000.0,128.29,126.4487585799613
1250.0,127.91,126.23501382682998
1600.0,126.79,125.93577117244614
2000.0,126.54,125.59377956743603
2500.0,126.54,125.1662900611734
3150.0,125.16,124.61055370303197
4000.0,123.41,123.88382154238549
5000.0,122.41,123.02884252986021
6300.0,118.41,121.91736981357737
315.0,121.055,127.0344192035411
400.0,123.565,126.96174598747646
500.0,126.195,126.87624808622394
630.0,128.705,126.76510081459566
800.0,130.205,126.61975438246635
1000.0,130.435,126.4487585799613
1250.0,129.395,126.23501382682998
1600.0,127.095,125.93577117244614
2000.0,125.305,125.59377956743603
2500.0,125.025,125.1662900611734
3150.0,124.625,124.61055370303197
4000.0,123.465,123.88382154238549
5000.0,122.175,123.02884252986021
6300.0,117.465,121.91736981357737
315.0,120.595,127.0344192035411
400.0,123.635,126.96174598747646
500.0,126.675,126.87624808622394
630.0,129.465,126.76510081459566
800.0,130.725,126.61975438246635
1000.0,130.595,126.4487585799613
1250.0,128.805,126.23501382682998
1600.0,125.625,125.93577117244614
2000.0,123.455,125.59377956743603
2500.0,123.445,125.1662900611734
3150.0,123.445,124.61055370303197
4000.0,122.035,123.88382154238549
5000.0,120.505,123.02884252986021
6300.0,116.815,121.91736981357737
400.0,125.116,126.96174598747646
500.0,126.486,126.87624808622394
630.0,127.356,126.76510081459566
800.0,128.216,126.61975438246635
1000.0,128.956,126.4487585799613
1250.0,128.816,126.23501382682998
1600.0,127.796,125.93577117244614
2000.0,126.896,125.59377956743603
2500.0,127.006,125.1662900611734
3150.0,126.116,124.61055370303197
4000.0,124.086,123.88382154238549
5000.0,122.816,123.02884252986021
6300.0,120.786,121.91736981357737
8000.0,115.996,120.4639054922844
10000.0,113.086,118.75394746723386
400.0,122.292,126.96174598747646
500.0,124.692,126.87624808622394
630.0,126.842,126.76510081459566
800.0,128.492,126.61975438246635
1000.0,129.002,126.4487585799613
1250.0,128.762,126.23501382682998
1600.0,126.752,125.93577117244614
2000.0,124.612,125.59377956743603
2500.0,123.862,125.1662900611734
3150.0,123.742,124.61055370303197
4000.0,122.232,123.88382154238549
5000.0,120.472,123.02884252986021
6300.0,118.712,121.91736981357737
315.0,120.137,127.0344192035411
400.0,122.147,126.96174598747646
500.0,125.157,126.87624808622394
630.0,127.417,126.76510081459566
800.0,129.037,126.61975438246635
1000.0,129.147,126.4487585799613
1250.0,128.257,126.23501382682998
1600.0,125.837,125.93577117244614
2000.0,122.797,125.59377956743603
2500.0,121.397,125.1662900611734
3150.0,121.627,124.61055370303197
4000.0,120.227,123.88382154238549
5000.0,118.827,123.02884252986021
6300.0,116.417,121.91736981357737
315.0,120.147,127.0344192035411
400.0,123.417,126.96174598747646
500.0,126.677,126.87624808622394
630.0,129.057,126.76510081459566
800.0,130.307,126.61975438246635
1000.0,130.307,126.4487585799613
1250.0,128.677,126.23501382682998
1600.0,125.797,125.93577117244614
2000.0,123.037,125.59377956743603
2500.0,121.407,125.1662900611734
3150.0,121.527,124.61055370303197
4000.0,120.527,123.88382154238549
5000.0,118.267,123.02884252986021
6300.0,115.137,121.91736981357737
500.0,126.758,126.87624808622394
630.0,129.038,126.76510081459566
800.0,130.688,126.61975438246635
1000.0,131.708,126.4487585799613
1250.0,131.718,126.23501382682998
1600.0,129.468,125.93577117244614
2000.0,126.218,125.59377956743603
2500.0,124.338,125.1662900611734
3150.0,124.108,124.61055370303197
4000.0,121.728,123.88382154238549
5000.0,121.118,123.02884252986021
6300.0,118.618,121.91736981357737
8000.0,112.848,120.4639054922844
10000.0,113.108,118.75394746723386
12500.0,114.258,116.61649993592069
16000.0,112.768,113.62407339208224
20000.0,109.638,110.20415734198116
400.0,123.274,126.96174598747646
500.0,127.314,126.87624808622394
630.0,129.964,126.76510081459566
800.0,131.864,126.61975438246635
1000.0,132.134,126.4487585799613
1250.0,131.264,126.23501382682998
1600.0,128.264,125.93577117244614
2000.0,124.254,125.59377956743603
2500.0,122.384,125.1662900611734
3150.0,122.394,124.61055370303197
4000.0,120.654,123.88382154238549
5000.0,120.034,123.02884252986021
6300.0,117.154,121.91736981357737
8000.0,112.524,120.4639054922844
315.0,122.229,127.0344192035411
400.0,123.879,126.96174598747646
500.0,127.039,126.87624808622394
630.0,129.579,126.76510081459566
800.0,130.469,126.61975438246635
1000.0,129.969,126.4487585799613
1250.0,128.339,126.23501382682998
1600.0,125.319,125.93577117244614
2000.0,121.659,125.59377956743603
2500.0,119.649,125.1662900611734
3150.0,120.419,124.61055370303197
4000.0,119.159,123.88382154238549
5000.0,117.649,123.02884252986021
6300.0,114.249,121.91736981357737
8000.0,113.129,120.4639054922844
250.0,120.189,127.08999283935525
315.0,123.609,127.0344192035411
400.0,126.149,126.96174598747646
500.0,128.939,126.87624808622394
630.0,130.349,126.76510081459566
800.0,130.869,126.61975438246635
1000.0,129.869,126.4487585799613
1250.0,128.119,126.23501382682998
1600.0,125.229,125.93577117244614
2000.0,122.089,125.59377956743603
2500.0,120.209,125.1662900611734
3150.0,120.229,124.61055370303197
4000.0,118.859,123.88382154238549
5000.0,115.969,123.02884252986021
6300.0,112.699,121.91736981357737
400.0,127.7,126.96174598747646
500.0,129.88,126.87624808622394
630.0,131.8,126.76510081459566
800.0,133.48,126.61975438246635
1000.0,134.0,126.4487585799613
1250.0,133.38,126.23501382682998
1600.0,130.46,125.93577117244614
2000.0,125.89,125.59377956743603
2500.0,123.74,125.1662900611734
3150.0,123.12,124.61055370303197
4000.0,120.33,123.88382154238549
5000.0,118.05,123.02884252986021
6300.0,116.92,121.91736981357737
8000.0,114.9,120.4639054922844
10000.0,111.35,118.75394746723386
250.0,127.011,127.08999283935525
315.0,129.691,127.0344192035411
400.0,131.221,126.96174598747646
500.0,132.251,126.87624808622394
630.0,132.011,126.76510081459566
800.0,129.491,126.61975438246635
1000.0,125.581,126.4487585799613
1250.0,125.721,126.23501382682998
1600.0,123.081,125.93577117244614
2000.0,117.911,125.59377956743603
2500.0,116.151,125.1662900611734
3150.0,118.441,124.61055370303197
4000.0,115.801,123.88382154238549
5000.0,115.311,123.02884252986021
6300.0,112.541,121.91736981357737
200.0,138.758,127.13274178998151
250.0,139.918,127.08999283935525
315.0,139.808,127.0344192035411
400.0,139.438,126.96174598747646
500.0,136.798,126.87624808622394
630.0,133.768,126.76510081459566
800.0,130.748,126.61975438246635
1000.0,126.838,126.4487585799613
1250.0,127.358,126.23501382682998
1600.0,125.728,125.93577117244614
2000.0,122.708,125.59377956743603
2500.0,122.088,125.1662900611734
3150.0,120.458,124.61055370303197
4000.0,119.208,123.88382154238549
5000.0,115.298,123.02884252986021
6300.0,115.818,121.91736981357737
200.0,135.234,127.13274178998151
250.0,136.384,127.08999283935525
315.0,136.284,127.0344192035411
400.0,135.924,126.96174598747646
500.0,133.174,126.87624808622394
630.0,130.934,126.76510081459566
800.0,128.444,126.61975438246635
1000.0,125.194,126.4487585799613
1250.0,125.724,126.23501382682998
1600.0,123.354,125.93577117244614
2000.0,120.354,125.59377956743603
2500.0,118.994,125.1662900611734
3150.0,117.134,124.61055370303197
4000.0,117.284,123.88382154238549
5000.0,113.144,123.02884252986021
6300.0,111.534,121.91736981357737
200.0,130.989,127.13274178998151
250.0,131.889,127.08999283935525
315.0,132.149,127.0344192035411
400.0,132.039,126.96174598747646
500.0,130.299,126.87624808622394
630.0,128.929,126.76510081459566
800.0,126.299,126.61975438246635
1000.0,122.539,126.4487585799613
1250.0,123.189,126.23501382682998
1600.0,121.059,125.93577117244614
2000.0,117.809,125.59377956743603
2500.0,116.559,125.1662900611734
3150.0,114.309,124.61055370303197
4000.0,114.079,123.88382154238549
5000.0,111.959,123.02884252986021
6300.0,110.839,121.91736981357737
200.0,128.679,127.13274178998151
250.0,130.089,127.08999283935525
315.0,130.239,127.0344192035411
400.0,130.269,126.96174598747646
500.0,128.169,126.87624808622394
630.0,126.189,126.76510081459566
800.0,123.209,126.61975438246635
1000.0,119.099,126.4487585799613
1250.0,120.509,126.23501382682998
1600.0,119.039,125.93577117244614
2000.0,115.309,125.59377956743603
2500.0,114.709,125.1662900611734
3150.0,113.229,124.61055370303197
4000.0,112.639,123.88382154238549
5000.0,111.029,123.02884252986021
6300.0,110.689,121.91736981357737
800.0,125.817,126.61975438246635
1000.0,127.307,126.4487585799613
1250.0,128.927,126.23501382682998
1600.0,129.667,125.93577117244614
2000.0,128.647,125.59377956743603
2500.0,128.127,125.1662900611734
3150.0,129.377,124.61055370303197
4000.0,128.857,123.88382154238549
5000.0,126.457,123.02884252986021
6300.0,125.427,121.91736981357737
8000.0,122.527,120.4639054922844
10000.0,120.247,118.75394746723386
12500.0,117.087,116.61649993592069
16000.0,113.297,113.62407339208224
500.0,120.573,126.87624808622394
630.0,123.583,126.76510081459566
800.0,126.713,126.61975438246635
1000.0,128.583,126.4487585799613
1250.0,129.953,126.23501382682998
1600.0,130.183,125.93577117244614
2000.0,129.673,125.59377956743603
2500.0,127.763,125.1662900611734
3150.0,127.753,124.61055370303197
4000.0,127.233,123.88382154238549
5000.0,125.203,123.02884252986021
6300.0,123.303,121.91736981357737
8000.0,121.903,120.4639054922844
10000.0,119.253,118.75394746723386
12500.0,117.093,116.61649993592069
16000.0,112.803,113.62407339208224
500.0,119.513,126.87624808622394
630.0,124.403,126.76510081459566
800.0,127.903,126.61975438246635
1000.0,130.033,126.4487585799613
1250.0,131.023,126.23501382682998
1600.0,131.013,125.93577117244614
2000.0,129.633,125.59377956743603
2500.0,126.863,125.1662900611734
3150.0,125.603,124.61055370303197
4000.0,125.343,123.88382154238549
5000.0,123.453,123.02884252986021
6300.0,121.313,121.91736981357737
8000.0,120.553,120.4639054922844
10000.0,115.413,118.75394746723386
500.0,121.617,126.87624808622394
630.0,125.997,126.76510081459566
800.0,129.117,126.61975438246635
1000.0,130.987,126.4487585799613
1250.0,131.467,126.23501382682998
1600.0,130.817,125.93577117244614
2000.0,128.907,125.59377956743603
2500.0,125.867,125.1662900611734
3150.0,124.207,124.61055370303197
4000.0,123.807,123.88382154238549
5000.0,122.397,123.02884252986021
6300.0,119.737,121.91736981357737
8000.0,117.957,120.4639054922844
630.0,127.404,126.76510081459566
800.0,127.394,126.61975438246635
1000.0,128.774,126.4487585799613
1250.0,130.144,126.23501382682998
1600.0,130.644,125.93577117244614
2000.0,130.114,125.59377956743603
2500.0,128.334,125.1662900611734
3150.0,127.054,124.61055370303197
4000.0,126.534,123.88382154238549
5000.0,124.364,123.02884252986021
6300.0,121.944,121.91736981357737
8000.0,120.534,120.4639054922844
10000.0,116.724,118.75394746723386
12500.0,113.034,116.61649993592069
16000.0,110.364,113.62407339208224
500.0,121.009,126.87624808622394
630.0,125.809,126.76510081459566
800.0,128.829,126.61975438246635
1000.0,130.589,126.4487585799613
1250.0,130.829,126.23501382682998
1600.0,130.049,125.93577117244614
2000.0,128.139,125.59377956743603
2500.0,125.589,125.1662900611734
3150.0,122.919,124.61055370303197
4000.0,121.889,123.88382154238549
5000.0,121.499,123.02884252986021
6300.0,119.209,121.91736981357737
8000.0,116.659,120.4639054922844
10000.0,112.589,118.75394746723386
12500.0,108.649,116.61649993592069
400.0,124.121,126.96174598747646
500.0,126.291,126.87624808622394
630.0,128.971,126.76510081459566
800.0,131.281,126.61975438246635
1000.0,133.201,126.4487585799613
1250.0,134.111,126.23501382682998
1600.0,133.241,125.93577117244614
2000.0,131.111,125.59377956743603
2500.0,127.591,125.1662900611734
3150.0,123.311,124.61055370303197
4000.0,121.431,123.88382154238549
5000.0,120.061,123.02884252986021
6300.0,116.411,121.91736981357737
400.0,126.807,126.96174598747646
500.0,129.367,126.87624808622394
630.0,131.807,126.76510081459566
800.0,133.097,126.61975438246635
1000.0,132.127,126.4487585799613
1250.0,130.777,126.23501382682998
1600.0,130.567,125.93577117244614
2000.0,128.707,125.59377956743603
2500.0,124.077,125.1662900611734
3150.0,121.587,124.61055370303197
4000.0,119.737,123.88382154238549
5000.0,118.757,123.02884252986021
6300.0,117.287,121.91736981357737
8000.0,114.927,120.4639054922844
315.0,125.347,127.0344192035411
400.0,127.637,126.96174598747646
500.0,129.937,126.87624808622394
630.0,132.357,126.76510081459566
800.0,132.757,126.61975438246635
1000.0,130.507,126.4487585799613
1250.0,127.117,126.23501382682998
1600.0,126.267,125.93577117244614
2000.0,124.647,125.59377956743603
2500.0,120.497,125.1662900611734
3150.0,119.137,124.61055370303197
4000.0,117.137,123.88382154238549
5000.0,117.037,123.02884252986021
6300.0,116.677,121.91736981357737
315.0,125.741,127.0344192035411
400.0,127.781,126.96174598747646
500.0,129.681,126.87624808622394
630.0,131.471,126.76510081459566
800.0,131.491,126.61975438246635
1000.0,128.241,126.4487585799613
1250.0,123.991,126.23501382682998
1600.0,123.761,125.93577117244614
2000.0,122.771,125.59377956743603
2500.0,119.151,125.1662900611734
3150.0,118.291,124.61055370303197
4000.0,116.181,123.88382154238549
5000.0,115.691,123.02884252986021
6300.0,115.591,121.91736981357737
315.0,128.713,127.0344192035411
400.0,130.123,126.96174598747646
500.0,132.043,126.87624808622394
630.0,134.853,126.76510081459566
800.0,136.023,126.61975438246635
1000.0,134.273,126.4487585799613
1250.0,132.513,126.23501382682998
1600.0,130.893,125.93577117244614
2000.0,128.643,125.59377956743603
2500.0,124.353,125.1662900611734
3150.0,116.783,124.61055370303197
4000.0,119.343,123.88382154238549
5000.0,118.343,123.02884252986021
6300.0,116.603,121.91736981357737
8000.0,113.333,120.4639054922844
10000.0,110.313,118.75394746723386
250.0,127.488,127.08999283935525
315.0,130.558,127.0344192035411
400.0,132.118,126.96174598747646
500.0,132.658,126.87624808622394
630.0,133.198,126.76510081459566
800.0,132.358,126.61975438246635
1000.0,128.338,126.4487585799613
1250.0,122.428,126.23501382682998
1600.0,120.058,125.93577117244614
2000.0,120.228,125.59377956743603
2500.0,117.478,125.1662900611734
3150.0,111.818,124.61055370303197
4000.0,114.258,123.88382154238549
5000.0,113.288,123.02884252986021
6300.0,112.688,121.91736981357737
8000.0,111.588,120.4639054922844
10000.0,110.868,118.75394746723386
200.0,134.319,127.13274178998151
250.0,135.329,127.08999283935525
315.0,135.459,127.0344192035411
400.0,135.079,126.96174598747646
500.0,131.279,126.87624808622394
630.0,129.889,126.76510081459566
800.0,128.879,126.61975438246635
1000.0,126.349,126.4487585799613
1250.0,122.679,126.23501382682998
1600.0,121.789,125.93577117244614
2000.0,120.779,125.59377956743603
2500.0,119.639,125.1662900611734
3150.0,116.849,124.61055370303197
4000.0,115.079,123.88382154238549
5000.0,114.569,123.02884252986021
6300.0,112.039,121.91736981357737
200.0,131.955,127.13274178998151
250.0,133.235,127.08999283935525
315.0,132.355,127.0344192035411
400.0,131.605,126.96174598747646
500.0,127.815,126.87624808622394
630.0,127.315,126.76510081459566
800.0,126.565,126.61975438246635
1000.0,124.665,126.4487585799613
1250.0,121.635,126.23501382682998
1600.0,119.875,125.93577117244614
2000.0,119.505,125.59377956743603
2500.0,118.365,125.1662900611734
3150.0,115.085,124.61055370303197
4000.0,112.945,123.88382154238549
5000.0,112.065,123.02884252986021
6300.0,110.555,121.91736981357737
200.0,127.315,127.13274178998151
250.0,128.335,127.08999283935525
315.0,128.595,127.0344192035411
400.0,128.345,126.96174598747646
500.0,126.835,126.87624808622394
630.0,126.465,126.76510081459566
800.0,126.345,126.61975438246635
1000.0,123.835,126.4487585799613
1250.0,120.555,126.23501382682998
1600.0,118.545,125.93577117244614
2000.0,117.925,125.59377956743603
2500.0,116.295,125.1662900611734
3150.0,113.525,124.61055370303197
4000.0,112.265,123.88382154238549
5000.0,111.135,123.02884252986021
6300.0,109.885,121.91736981357737
200.0,127.299,127.13274178998151
250.0,128.559,127.08999283935525
315.0,128.809,127.0344192035411
400.0,128.939,126.96174598747646
500.0,127.179,126.87624808622394
630.0,126.049,126.76510081459566
800.0,125.539,126.61975438246635
1000.0,122.149,126.4487585799613
1250.0,118.619,126.23501382682998
1600.0,117.119,125.93577117244614
2000.0,116.859,125.59377956743603
2500.0,114.729,125.1662900611734
3150.0,112.209,124.61055370303197
4000.0,111.459,123.88382154238549
5000.0,109.949,123.02884252986021
6300.0,108.689,121.91736981357737
200.0,128.354,127.13274178998151
250.0,129.744,127.08999283935525
315.0,128.484,127.0344192035411
400.0,127.094,126.96174598747646
500.0,121.664,126.87624808622394
630.0,123.304,126.76510081459566
800.0,123.054,126.61975438246635
1000.0,122.044,126.4487585799613
1250.0,120.154,126.23501382682998
1600.0,120.534,125.93577117244614
2000.0,117.504,125.59377956743603
2500.0,115.234,125.1662900611734
3150.0,113.334,124.61055370303197
4000.0,108.034,123.88382154238549
5000.0,108.034,123.02884252986021
6300.0,107.284,121.91736981357737
200.0,114.75,127.13274178998151
250.0,115.89,127.08999283935525
315.0,116.02,127.0344192035411
400.0,115.91,126.96174598747646
500.0,114.9,126.87624808622394
630.0,116.55,126.76510081459566
800.0,116.56,126.61975438246635
1000.0,114.67,126.4487585799613
1250.0,112.16,126.23501382682998
1600.0,110.78,125.93577117244614
2000.0,109.52,125.59377956743603
2500.0,106.88,125.1662900611734
3150.0,106.26,124.61055370303197
4000.0,104.5,123.88382154238549
5000.0,104.13,123.02884252986021
6300.0,103.38,121.91736981357737
800.0,130.96,126.61975438246635
1000.0,129.45,126.4487585799613
1250.0,128.56,126.23501382682998
1600.0,129.68,125.93577117244614
2000.0,131.06,125.59377956743603
2500.0,131.31,125.1662900611734
3150.0,135.07,124.61055370303197
4000.0,134.43,123.88382154238549
5000.0,134.43,123.02884252986021
6300.0,133.04,121.91736981357737
8000.0,130.89,120.4639054922844
10000.0,128.74,118.75394746723386
12500.0,125.22,116.61649993592069
800.0,124.336,126.61975438246635
1000.0,125.586,126.4487585799613
1250.0,127.076,126.23501382682998
1600.0,128.576,125.93577117244614
2000.0,131.456,125.59377956743603
2500.0,133.956,125.1662900611734
3150.0,134.826,124.61055370303197
4000.0,134.946,123.88382154238549
5000.0,134.556,123.02884252986021
6300.0,132.796,121.91736981357737
8000.0,130.156,120.4639054922844
10000.0,127.636,118.75394746723386
12500.0,125.376,116.61649993592069
800.0,126.508,126.61975438246635
1000.0,127.638,126.4487585799613
1250.0,129.148,126.23501382682998
1600.0,130.908,125.93577117244614
2000.0,132.918,125.59377956743603
2500.0,134.938,125.1662900611734
3150.0,135.938,124.61055370303197
4000.0,135.308,123.88382154238549
5000.0,134.308,123.02884252986021
6300.0,131.918,121.91736981357737
8000.0,128.518,120.4639054922844
10000.0,125.998,118.75394746723386
12500.0,123.988,116.61649993592069
800.0,122.79,126.61975438246635
1000.0,126.78,126.4487585799613
1250.0,129.27,126.23501382682998
1600.0,131.01,125.93577117244614
2000.0,133.01,125.59377956743603
2500.0,134.87,125.1662900611734
3150.0,135.49,124.61055370303197
4000.0,134.11,123.88382154238549
5000.0,133.23,123.02884252986021
6300.0,130.34,121.91736981357737
8000.0,126.59,120.4639054922844
10000.0,122.45,118.75394746723386
12500.0,119.07,116.61649993592069
1600.0,124.318,125.93577117244614
2000.0,129.848,125.59377956743603
2500.0,131.978,125.1662900611734
3150.0,133.728,124.61055370303197
4000.0,133.598,123.88382154238549
5000.0,132.828,123.02884252986021
6300.0,129.308,121.91736981357737
8000.0,125.268,120.4639054922844
10000.0,121.238,118.75394746723386
12500.0,117.328,116.61649993592069
1000.0,125.647,126.4487585799613
1250.0,128.427,126.23501382682998
1600.0,130.197,125.93577117244614
2000.0,132.587,125.59377956743603
2500.0,133.847,125.1662900611734
3150.0,133.587,124.61055370303197
4000.0,131.807,123.88382154238549
5000.0,129.777,123.02884252986021
6300.0,125.717,121.91736981357737
8000.0,120.397,120.4639054922844
10000.0,116.967,118.75394746723386
800.0,127.556,126.61975438246635
1000.0,129.946,126.4487585799613
1250.0,132.086,126.23501382682998
1600.0,133.846,125.93577117244614
2000.0,134.476,125.59377956743603
2500.0,134.226,125.1662900611734
3150.0,131.966,124.61055370303197
4000.0,126.926,123.88382154238549
5000.0,121.146,123.02884252986021
400.0,121.582,126.96174598747646
500.0,123.742,126.87624808622394
630.0,126.152,126.76510081459566
800.0,128.562,126.61975438246635
1000.0,130.722,126.4487585799613
1250.0,132.252,126.23501382682998
1600.0,133.032,125.93577117244614
2000.0,133.042,125.59377956743603
2500.0,131.542,125.1662900611734
3150.0,128.402,124.61055370303197
4000.0,122.612,123.88382154238549
5000.0,115.812,123.02884252986021
400.0,120.015,126.96174598747646
500.0,122.905,126.87624808622394
630.0,126.045,126.76510081459566
800.0,128.435,126.61975438246635
1000.0,130.195,126.4487585799613
1250.0,131.205,126.23501382682998
1600.0,130.965,125.93577117244614
2000.0,129.965,125.59377956743603
2500.0,127.465,125.1662900611734
3150.0,123.965,124.61055370303197
4000.0,118.955,123.88382154238549
400.0,120.076,126.96174598747646
500.0,122.966,126.87624808622394
630.0,125.856,126.76510081459566
800.0,128.246,126.61975438246635
1000.0,129.516,126.4487585799613
1250.0,130.156,126.23501382682998
1600.0,129.296,125.93577117244614
2000.0,127.686,125.59377956743603
2500.0,125.576,125.1662900611734
3150.0,122.086,124.61055370303197
4000.0,118.106,123.88382154238549
200.0,125.941,127.13274178998151
250.0,127.101,127.08999283935525
315.0,128.381,127.0344192035411
400.0,129.281,126.96174598747646
500.0,130.311,126.87624808622394
630.0,133.611,126.76510081459566
800.0,136.031,126.61975438246635
1000.0,136.941,126.4487585799613
1250.0,136.191,126.23501382682998
1600.0,135.191,125.93577117244614
2000.0,133.311,125.59377956743603
2500.0,130.541,125.1662900611734
3150.0,127.141,124.61055370303197
4000.0,122.471,123.88382154238549
200.0,125.01,127.13274178998151
250.0,126.43,127.08999283935525
315.0,128.99,127.0344192035411
400.0,130.67,126.96174598747646
500.0,131.96,126.87624808622394
630.0,133.13,126.76510081459566
800.0,133.79,126.61975438246635
1000.0,132.43,126.4487585799613
1250.0,130.05,126.23501382682998
1600.0,126.54,125.93577117244614
2000.0,124.42,125.59377956743603
2500.0,122.17,125.1662900611734
3150.0,119.67,124.61055370303197
4000.0,115.52,123.88382154238549
200.0,123.595,127.13274178998151
250.0,124.835,127.08999283935525
315.0,126.195,127.0344192035411
400.0,126.805,126.96174598747646
500.0,127.285,126.87624808622394
630.0,129.645,126.76510081459566
800.0,131.515,126.61975438246635
1000.0,131.865,126.4487585799613
1250.0,130.845,126.23501382682998
1600.0,130.065,125.93577117244614
2000.0,129.285,125.59377956743603
2500.0,127.625,125.1662900611734
3150.0,125.715,124.61055370303197
4000.0,122.675,123.88382154238549
5000.0,119.135,123.02884252986021
6300.0,115.215,121.91736981357737
8000.0,112.675,120.4639054922844
200.0,122.94,127.13274178998151
250.0,124.17,127.08999283935525
315.0,125.39,127.0344192035411
400.0,126.5,126.96174598747646
500.0,127.22,126.87624808622394
630.0,129.33,126.76510081459566
800.0,130.43,126.61975438246635
1000.0,130.4,126.4487585799613
1250.0,130.0,126.23501382682998
1600.0,128.2,125.93577117244614
2000.0,127.04,125.59377956743603
2500.0,125.63,125.1662900611734
3150.0,123.46,124.61055370303197
4000.0,120.92,123.88382154238549
5000.0,117.11,123.02884252986021
6300.0,112.93,121.91736981357737
200.0,121.783,127.13274178998151
250.0,122.893,127.08999283935525
315.0,124.493,127.0344192035411
400.0,125.353,126.96174598747646
500.0,125.963,126.87624808622394
630.0,127.443,126.76510081459566
800.0,128.423,126.61975438246635
1000.0,127.893,126.4487585799613
1250.0,126.743,126.23501382682998
1600.0,124.843,125.93577117244614
2000.0,123.443,125.59377956743603
2500.0,122.413,125.1662900611734
3150.0,120.513,124.61055370303197
4000.0,118.113,123.88382154238549
5000.0,114.453,123.02884252986021
6300.0,109.663,121.91736981357737
200.0,119.975,127.13274178998151
250.0,121.225,127.08999283935525
315.0,122.845,127.0344192035411
400.0,123.705,126.96174598747646
500.0,123.695,126.87624808622394
630.0,124.685,126.76510081459566
800.0,125.555,126.61975438246635
1000.0,124.525,126.4487585799613
1250.0,123.255,126.23501382682998
1600.0,121.485,125.93577117244614
2000.0,120.835,125.59377956743603
2500.0,119.945,125.1662900611734
3150.0,118.045,124.61055370303197
4000.0,115.635,123.88382154238549
5000.0,112.355,123.02884252986021
6300.0,108.185,121.91736981357737
200.0,118.005,127.13274178998151
250.0,119.115,127.08999283935525
315.0,121.235,127.0344192035411
400.0,123.865,126.96174598747646
500.0,126.995,126.87624808622394
630.0,128.365,126.76510081459566
800.0,124.555,126.61975438246635
1000.0,121.885,126.4487585799613
1250.0,121.485,126.23501382682998
1600.0,120.575,125.93577117244614
2000.0,120.055,125.59377956743603
2500.0,118.385,125.1662900611734
3150.0,116.225,124.61055370303197
4000.0,113.045,123.88382154238549
200.0,125.974,127.13274178998151
250.0,127.224,127.08999283935525
315.0,129.864,127.0344192035411
400.0,130.614,126.96174598747646
500.0,128.444,126.87624808622394
630.0,120.324,126.76510081459566
800.0,119.174,126.61975438246635
1000.0,118.904,126.4487585799613
1250.0,118.634,126.23501382682998
1600.0,117.604,125.93577117244614
2000.0,117.724,125.59377956743603
2500.0,116.184,125.1662900611734
3150.0,113.004,124.61055370303197
4000.0,108.684,123.88382154238549
2500.0,133.707,125.1662900611734
3150.0,137.007,124.61055370303197
4000.0,138.557,123.88382154238549
5000.0,136.837,123.02884252986021
6300.0,134.987,121.91736981357737
8000.0,129.867,120.4639054922844
10000.0,130.787,118.75394746723386
12500.0,133.207,116.61649993592069
16000.0,130.477,113.62407339208224
20000.0,123.217,110.20415734198116
2000.0,127.623,125.59377956743603
2500.0,130.073,125.1662900611734
3150.0,130.503,124.61055370303197
4000.0,133.223,123.88382154238549
5000.0,135.803,123.02884252986021
6300.0,136.103,121.91736981357737
8000.0,136.163,120.4639054922844
10000.0,134.563,118.75394746723386
12500.0,131.453,116.61649993592069
16000.0,125.683,113.62407339208224
20000.0,121.933,110.20415734198116
1600.0,124.156,125.93577117244614
2000.0,130.026,125.59377956743603
2500.0,131.836,125.1662900611734
3150.0,133.276,124.61055370303197
4000.0,135.346,123.88382154238549
5000.0,136.536,123.02884252986021
6300.0,136.826,121.91736981357737
8000.0,135.866,120.4639054922844
10000.0,133.376,118.75394746723386
12500.0,129.116,116.61649993592069
16000.0,124.986,113.62407339208224
1000.0,125.127,126.4487585799613
1250.0,127.947,126.23501382682998
1600.0,129.267,125.93577117244614
2000.0,130.697,125.59377956743603
2500.0,132.897,125.1662900611734
3150.0,135.227,124.61055370303197
4000.0,137.047,123.88382154238549
5000.0,138.607,123.02884252986021
6300.0,138.537,121.91736981357737
8000.0,137.207,120.4639054922844
10000.0,134.227,118.75394746723386
12500.0,128.977,116.61649993592069
16000.0,125.627,113.62407339208224
2000.0,128.398,125.59377956743603
2500.0,130.828,125.1662900611734
3150.0,133.378,124.61055370303197
4000.0,134.928,123.88382154238549
5000.0,135.468,123.02884252986021
6300.0,134.498,121.91736981357737
8000.0,131.518,120.4639054922844
10000.0,127.398,118.75394746723386
12500.0,127.688,116.61649993592069
16000.0,124.208,113.62407339208224
20000.0,119.708,110.20415734198116
1600.0,121.474,125.93577117244614
2000.0,125.054,125.59377956743603
2500.0,129.144,125.1662900611734
3150.0,132.354,124.61055370303197
4000.0,133.924,123.88382154238549
5000.0,135.484,123.02884252986021
6300.0,135.164,121.91736981357737
8000.0,132.184,120.4639054922844
10000.0,126.944,118.75394746723386
12500.0,125.094,116.61649993592069
16000.0,124.394,113.62407339208224
20000.0,121.284,110.20415734198116
500.0,116.366,126.87624808622394
630.0,118.696,126.76510081459566
800.0,120.766,126.61975438246635
1000.0,122.956,126.4487585799613
1250.0,125.026,126.23501382682998
1600.0,125.966,125.93577117244614
2000.0,128.916,125.59377956743603
2500.0,131.236,125.1662900611734
3150.0,133.436,124.61055370303197
4000.0,134.996,123.88382154238549
5000.0,135.426,123.02884252986021
6300.0,134.336,121.91736981357737
8000.0,131.346,120.4639054922844
10000.0,126.066,118.75394746723386
500.0,116.128,126.87624808622394
630.0,120.078,126.76510081459566
800.0,122.648,126.61975438246635
1000.0,125.348,126.4487585799613
1250.0,127.408,126.23501382682998
1600.0,128.718,125.93577117244614
2000.0,130.148,125.59377956743603
2500.0,132.588,125.1662900611734
3150.0,134.268,124.61055370303197
4000.0,135.328,123.88382154238549
5000.0,135.248,123.02884252986021
6300.0,132.898,121.91736981357737
8000.0,127.008,120.4639054922844
630.0,125.726,126.76510081459566
800.0,127.206,126.61975438246635
1000.0,129.556,126.4487585799613
1250.0,131.656,126.23501382682998
1600.0,133.756,125.93577117244614
2000.0,134.976,125.59377956743603
2500.0,135.956,125.1662900611734
3150.0,136.166,124.61055370303197
4000.0,134.236,123.88382154238549
5000.0,131.186,123.02884252986021
6300.0,127.246,121.91736981357737
400.0,120.952,126.96174598747646
500.0,123.082,126.87624808622394
630.0,125.452,126.76510081459566
800.0,128.082,126.61975438246635
1000.0,130.332,126.4487585799613
1250.0,132.202,126.23501382682998
1600.0,133.062,125.93577117244614
2000.0,134.052,125.59377956743603
2500.0,134.152,125.1662900611734
3150.0,133.252,124.61055370303197
4000.0,131.582,123.88382154238549
5000.0,128.412,123.02884252986021
6300.0,124.222,121.91736981357737
200.0,116.074,127.13274178998151
250.0,116.924,127.08999283935525
315.0,119.294,127.0344192035411
400.0,121.154,126.96174598747646
500.0,123.894,126.87624808622394
630.0,126.514,126.76510081459566
800.0,129.014,126.61975438246635
1000.0,130.374,126.4487585799613
1250.0,130.964,126.23501382682998
1600.0,131.184,125.93577117244614
2000.0,131.274,125.59377956743603
2500.0,131.234,125.1662900611734
3150.0,129.934,124.61055370303197
4000.0,127.864,123.88382154238549
5000.0,125.044,123.02884252986021
6300.0,120.324,121.91736981357737
200.0,119.146,127.13274178998151
250.0,120.136,127.08999283935525
315.0,122.766,127.0344192035411
400.0,124.756,126.96174598747646
500.0,126.886,126.87624808622394
630.0,129.006,126.76510081459566
800.0,130.746,126.61975438246635
1000.0,131.346,126.4487585799613
1250.0,131.446,126.23501382682998
1600.0,131.036,125.93577117244614
2000.0,130.496,125.59377956743603
2500.0,130.086,125.1662900611734
3150.0,128.536,124.61055370303197
4000.0,126.736,123.88382154238549
5000.0,124.426,123.02884252986021
6300.0,120.726,121.91736981357737
250.0,119.698,127.08999283935525
315.0,122.938,127.0344192035411
400.0,125.048,126.96174598747646
500.0,126.898,126.87624808622394
630.0,128.878,126.76510081459566
800.0,130.348,126.61975438246635
1000.0,131.698,126.4487585799613
1250.0,133.048,126.23501382682998
1600.0,134.528,125.93577117244614
2000.0,134.228,125.59377956743603
2500.0,134.058,125.1662900611734
3150.0,133.758,124.61055370303197
4000.0,131.808,123.88382154238549
5000.0,128.978,123.02884252986021
6300.0,125.398,121.91736981357737
8000.0,120.538,120.4639054922844
10000.0,114.418,118.75394746723386
250.0,121.547,127.08999283935525
315.0,123.537,127.0344192035411
400.0,125.527,126.96174598747646
500.0,127.127,126.87624808622394
630.0,128.867,126.76510081459566
800.0,130.217,126.61975438246635
1000.0,130.947,126.4487585799613
1250.0,130.777,126.23501382682998
1600.0,129.977,125.93577117244614
2000.0,129.567,125.59377956743603
2500.0,129.027,125.1662900611734
3150.0,127.847,124.61055370303197
4000.0,126.537,123.88382154238549
5000.0,125.107,123.02884252986021
6300.0,123.177,121.91736981357737
8000.0,120.607,120.4639054922844
10000.0,116.017,118.75394746723386
200.0,112.506,127.13274178998151
250.0,113.796,127.08999283935525
315.0,115.846,127.0344192035411
400.0,117.396,126.96174598747646
500.0,119.806,126.87624808622394
630.0,122.606,126.76510081459566
800.0,124.276,126.61975438246635
1000.0,125.816,126.4487585799613
1250.0,126.356,126.23501382682998
1600.0,126.406,125.93577117244614
2000.0,126.826,125.59377956743603
2500.0,126.746,125.1662900611734
3150.0,126.536,124.61055370303197
4000.0,125.586,123.88382154238549
5000.0,123.126,123.02884252986021
6300.0,119.916,121.91736981357737
8000.0,115.466,120.4639054922844
200.0,109.951,127.13274178998151
250.0,110.491,127.08999283935525
315.0,111.911,127.0344192035411
400.0,115.461,126.96174598747646
500.0,119.621,126.87624808622394
630.0,122.411,126.76510081459566
800.0,123.091,126.61975438246635
1000.0,126.001,126.4487585799613
1250.0,129.301,126.23501382682998
1600.0,126.471,125.93577117244614
2000.0,125.261,125.59377956743603
2500.0,124.931,125.1662900611734
3150.0,124.101,124.61055370303197
4000.0,121.771,123.88382154238549
5000.0,118.941,123.02884252986021
6300.0,114.861,121.91736981357737
200.0,114.044,127.13274178998151
250.0,114.714,127.08999283935525
315.0,115.144,127.0344192035411
400.0,115.444,126.96174598747646
500.0,117.514,126.87624808622394
630.0,124.514,126.76510081459566
800.0,135.324,126.61975438246635
1000.0,138.274,126.4487585799613
1250.0,131.364,126.23501382682998
1600.0,127.614,125.93577117244614
2000.0,126.644,125.59377956743603
2500.0,124.154,125.1662900611734
3150.0,123.564,124.61055370303197
4000.0,122.724,123.88382154238549
5000.0,119.854,123.02884252986021
200.0,116.146,127.13274178998151
250.0,116.956,127.08999283935525
315.0,118.416,127.0344192035411
400.0,120.766,126.96174598747646
500.0,127.676,126.87624808622394
630.0,136.886,126.76510081459566
800.0,139.226,126.61975438246635
1000.0,131.796,126.4487585799613
1250.0,128.306,126.23501382682998
1600.0,126.846,125.93577117244614
2000.0,124.356,125.59377956743603
2500.0,124.166,125.1662900611734
3150.0,123.466,124.61055370303197
4000.0,121.996,123.88382154238549
5000.0,117.996,123.02884252986021
315.0,115.857,127.0344192035411
400.0,117.927,126.96174598747646
500.0,117.967,126.87624808622394
630.0,120.657,126.76510081459566
800.0,123.227,126.61975438246635
1000.0,134.247,126.4487585799613
1250.0,140.987,126.23501382682998
1600.0,131.817,125.93577117244614
2000.0,127.197,125.59377956743603
2500.0,126.097,125.1662900611734
3150.0,124.127,124.61055370303197
4000.0,123.917,123.88382154238549
5000.0,125.727,123.02884252986021
6300.0,123.127,121.91736981357737
8000.0,121.657,120.4639054922844
200.0,116.066,127.13274178998151
250.0,117.386,127.08999283935525
315.0,120.716,127.0344192035411
400.0,123.416,126.96174598747646
500.0,129.776,126.87624808622394
630.0,137.026,126.76510081459566
800.0,137.076,126.61975438246635
1000.0,128.416,126.4487585799613
1250.0,126.446,126.23501382682998
1600.0,122.216,125.93577117244614
2000.0,121.256,125.59377956743603
2500.0,121.306,125.1662900611734
3150.0,120.856,124.61055370303197
4000.0,119.646,123.88382154238549
5000.0,118.816,123.02884252986021
630.0,124.155,126.76510081459566
800.0,126.805,126.61975438246635
1000.0,128.825,126.4487585799613
1250.0,130.335,126.23501382682998
1600.0,131.725,125.93577117244614
2000.0,132.095,125.59377956743603
2500.0,132.595,125.1662900611734
3150.0,131.955,124.61055370303197
4000.0,130.935,123.88382154238549
5000.0,130.795,123.02884252986021
6300.0,129.395,121.91736981357737
8000.0,125.465,120.4639054922844
10000.0,123.305,118.75394746723386
12500.0,119.375,116.61649993592069
630.0,126.17,126.76510081459566
800.0,127.92,126.61975438246635
1000.0,129.8,126.4487585799613
1250.0,131.43,126.23501382682998
1600.0,132.05,125.93577117244614
2000.0,132.54,125.59377956743603
2500.0,133.04,125.1662900611734
3150.0,131.78,124.61055370303197
4000.0,129.5,123.88382154238549
5000.0,128.36,123.02884252986021
6300.0,127.73,121.91736981357737
8000.0,124.45,120.4639054922844
10000.0,121.93,118.75394746723386
12500.0,119.91,116.61649993592069
630.0,125.401,126.76510081459566
800.0,128.401,126.61975438246635
1000.0,130.781,126.4487585799613
1250.0,132.271,126.23501382682998
1600.0,133.261,125.93577117244614
2000.0,133.251,125.59377956743603
2500.0,132.611,125.1662900611734
3150.0,130.961,124.61055370303197
4000.0,127.801,123.88382154238549
5000.0,126.021,123.02884252986021
6300.0,125.631,121.91736981357737
8000.0,122.341,120.4639054922844
10000.0,119.561,118.75394746723386
630.0,126.413,126.76510081459566
800.0,129.053,126.61975438246635
1000.0,131.313,126.4487585799613
1250.0,133.063,126.23501382682998
1600.0,133.553,125.93577117244614
2000.0,133.153,125.59377956743603
2500.0,132.003,125.1662900611734
3150.0,129.973,124.61055370303197
4000.0,126.933,123.88382154238549
5000.0,124.393,123.02884252986021
6300.0,124.253,121.91736981357737
8000.0,120.193,120.4639054922844
10000.0,115.893,118.75394746723386
800.0,131.074,126.61975438246635
1000.0,131.434,126.4487585799613
1250.0,132.304,126.23501382682998
1600.0,133.664,125.93577117244614
2000.0,134.034,125.59377956743603
2500.0,133.894,125.1662900611734
3150.0,132.114,124.61055370303197
4000.0,128.704,123.88382154238549
5000.0,127.054,123.02884252986021
6300.0,124.904,121.91736981357737
8000.0,121.234,120.4639054922844
10000.0,116.694,118.75394746723386
630.0,126.599,126.76510081459566
800.0,129.119,126.61975438246635
1000.0,131.129,126.4487585799613
1250.0,132.769,126.23501382682998
1600.0,133.649,125.93577117244614
2000.0,133.649,125.59377956743603
2500.0,132.889,125.1662900611734
3150.0,130.629,124.61055370303197
4000.0,127.229,123.88382154238549
5000.0,124.839,123.02884252986021
6300.0,123.839,121.91736981357737
8000.0,120.569,120.4639054922844
10000.0,115.659,118.75394746723386
630.0,127.251,126.76510081459566
800.0,129.991,126.61975438246635
1000.0,131.971,126.4487585799613
1250.0,133.211,126.23501382682998
1600.0,133.071,125.93577117244614
2000.0,132.301,125.59377956743603
2500.0,130.791,125.1662900611734
3150.0,128.401,124.61055370303197
4000.0,124.881,123.88382154238549
5000.0,122.371,123.02884252986021
6300.0,120.851,121.91736981357737
8000.0,118.091,120.4639054922844
10000.0,115.321,118.75394746723386
630.0,128.952,126.76510081459566
800.0,131.362,126.61975438246635
1000.0,133.012,126.4487585799613
1250.0,134.022,126.23501382682998
1600.0,133.402,125.93577117244614
2000.0,131.642,125.59377956743603
2500.0,130.392,125.1662900611734
3150.0,128.252,124.61055370303197
4000.0,124.852,123.88382154238549
5000.0,122.082,123.02884252986021
6300.0,120.702,121.91736981357737
8000.0,117.432,120.4639054922844
630.0,131.448,126.76510081459566
800.0,134.478,126.61975438246635
1000.0,136.758,126.4487585799613
1250.0,137.658,126.23501382682998
1600.0,136.678,125.93577117244614
2000.0,134.568,125.59377956743603
2500.0,131.458,125.1662900611734
3150.0,124.458,124.61055370303197
500.0,129.343,126.87624808622394
630.0,133.023,126.76510081459566
800.0,135.953,126.61975438246635
1000.0,137.233,126.4487585799613
1250.0,136.883,126.23501382682998
1600.0,133.653,125.93577117244614
2000.0,129.653,125.59377956743603
2500.0,124.273,125.1662900611734
400.0,128.295,126.96174598747646
500.0,130.955,126.87624808622394
630.0,133.355,126.76510081459566
800.0,134.625,126.61975438246635
1000.0,134.515,126.4487585799613
1250.0,132.395,126.23501382682998
1600.0,127.375,125.93577117244614
2000.0,122.235,125.59377956743603
315.0,126.266,127.0344192035411
400.0,128.296,126.96174598747646
500.0,130.206,126.87624808622394
630.0,132.116,126.76510081459566
800.0,132.886,126.61975438246635
1000.0,131.636,126.4487585799613
1250.0,129.256,126.23501382682998
1600.0,124.346,125.93577117244614
2000.0,120.446,125.59377956743603
200.0,133.503,127.13274178998151
250.0,134.533,127.08999283935525
315.0,136.583,127.0344192035411
400.0,138.123,126.96174598747646
500.0,138.523,126.87624808622394
630.0,138.423,126.76510081459566
800.0,137.813,126.61975438246635
1000.0,135.433,126.4487585799613
1250.0,132.793,126.23501382682998
1600.0,128.763,125.93577117244614
2000.0,124.233,125.59377956743603
2500.0,123.623,125.1662900611734
3150.0,123.263,124.61055370303197
4000.0,120.243,123.88382154238549
5000.0,116.723,123.02884252986021
6300.0,117.253,121.91736981357737
200.0,133.42,127.13274178998151
250.0,134.34,127.08999283935525
315.0,135.38,127.0344192035411
400.0,135.54,126.96174598747646
500.0,133.79,126.87624808622394
630.0,131.92,126.76510081459566
800.0,130.94,126.61975438246635
1000.0,129.58,126.4487585799613
1250.0,127.71,126.23501382682998
1600.0,123.82,125.93577117244614
2000.0,119.04,125.59377956743603
2500.0,119.19,125.1662900611734
3150.0,119.35,124.61055370303197
4000.0,116.22,123.88382154238549
5000.0,113.08,123.02884252986021
6300.0,113.11,121.91736981357737
200.0,130.588,127.13274178998151
250.0,131.568,127.08999283935525
315.0,137.068,127.0344192035411
400.0,139.428,126.96174598747646
500.0,140.158,126.87624808622394
630.0,135.368,126.76510081459566
800.0,127.318,126.61975438246635
1000.0,127.928,126.4487585799613
1250.0,126.648,126.23501382682998
1600.0,124.748,125.93577117244614
2000.0,122.218,125.59377956743603
2500.0,121.318,125.1662900611734
3150.0,120.798,124.61055370303197
4000.0,118.018,123.88382154238549
5000.0,116.108,123.02884252986021
6300.0,113.958,121.91736981357737
200.0,132.304,127.13274178998151
250.0,133.294,127.08999283935525
315.0,135.674,127.0344192035411
400.0,136.414,126.96174598747646
500.0,133.774,126.87624808622394
630.0,124.244,126.76510081459566
800.0,125.114,126.61975438246635
1000.0,125.484,126.4487585799613
1250.0,124.214,126.23501382682998
1600.0,121.824,125.93577117244614
2000.0,118.564,125.59377956743603
2500.0,117.054,125.1662900611734
3150.0,116.914,124.61055370303197
4000.0,114.404,123.88382154238549
5000.0,112.014,123.02884252986021
6300.0,110.124,121.91736981357737
200.0,128.545,127.13274178998151
250.0,129.675,127.08999283935525
315.0,129.415,127.0344192035411
400.0,128.265,126.96174598747646
500.0,122.205,126.87624808622394
630.0,121.315,126.76510081459566
800.0,122.315,126.61975438246635
1000.0,122.435,126.4487585799613
1250.0,121.165,126.23501382682998
1600.0,117.875,125.93577117244614
2000.0,114.085,125.59377956743603
2500.0,113.315,125.1662900611734
3150.0,113.055,124.61055370303197
4000.0,110.905,123.88382154238549
5000.0,108.625,123.02884252986021
6300.0,107.985,121.91736981357737
200.0,124.987,127.13274178998151
250.0,125.857,127.08999283935525
315.0,124.717,127.0344192035411
400.0,123.207,126.96174598747646
500.0,118.667,126.87624808622394
630.0,119.287,126.76510081459566
800.0,120.037,126.61975438246635
1000.0,119.777,126.4487585799613
1250.0,118.767,126.23501382682998
1600.0,114.477,125.93577117244614
2000.0,110.447,125.59377956743603
2500.0,110.317,125.1662900611734
3150.0,110.307,124.61055370303197
4000.0,108.407,123.88382154238549
5000.0,107.147,123.02884252986021
6300.0,107.267,121.91736981357737
200.0,130.898,127.13274178998151
250.0,132.158,127.08999283935525
315.0,133.808,127.0344192035411
400.0,134.058,126.96174598747646
500.0,130.638,126.87624808622394
630.0,122.288,126.76510081459566
800.0,124.188,126.61975438246635
1000.0,124.438,126.4487585799613
1250.0,123.178,126.23501382682998
1600.0,121.528,125.93577117244614
2000.0,119.888,125.59377956743603
2500.0,118.998,125.1662900611734
3150.0,116.468,124.61055370303197
4000.0,113.298,123.88382154238549
200.0,123.514,127.13274178998151
250.0,124.644,127.08999283935525
315.0,122.754,127.0344192035411
400.0,120.484,126.96174598747646
500.0,115.304,126.87624808622394
630.0,118.084,126.76510081459566
800.0,118.964,126.61975438246635
1000.0,119.224,126.4487585799613
1250.0,118.214,126.23501382682998
1600.0,114.554,125.93577117244614
2000.0,110.894,125.59377956743603
2500.0,110.264,125.1662900611734
3150.0,109.254,124.61055370303197
4000.0,106.604,123.88382154238549
5000.0,106.224,123.02884252986021
6300.0,104.204,121.91736981357737
