suction_side_displacement_thickness,scaled_sound_pressure_level,yp
0.00266337,126.201,126.22632327258421
0.00266337,125.201,126.22632327258421
0.00266337,125.951,126.22632327258421
0.00266337,127.591,126.22632327258421
0.00266337,127.461,126.22632327258421
0.00266337,125.571,126.22632327258421
0.00266337,125.201,126.22632327258421
0.00266337,123.061,126.22632327258421
0.00266337,121.301,126.22632327258421
0.00266337,119.541,126.22632327258421
0.00266337,117.151,126.22632327258421
0.00266337,115.391,126.22632327258421
0.00266337,112.241,126.22632327258421
0.00266337,108.721,126.22632327258421
0.00283081,126.416,126.19885851424043
0.00283081,127.696,126.19885851424043
0.00283081,128.086,126.19885851424043
0.00283081,126.966,126.19885851424043
0.00283081,126.086,126.19885851424043
0.00283081,126.986,126.19885851424043
0.00283081,126.616,126.19885851424043
0.00283081,124.106,126.19885851424043
0.00283081,123.236,126.19885851424043
0.00283081,121.106,126.19885851424043
0.00283081,119.606,126.19885851424043
0.00283081,117.976,126.19885851424043
0.00283081,116.476,126.19885851424043
0.00283081,113.076,126.19885851424043
0.00283081,111.076,126.19885851424043
0.00310138,118.129,126.15447760367498
0.00310138,119.319,126.15447760367498
0.00310138,122.779,126.15447760367498
0.00310138,124.809,126.15447760367498
0.00310138,126.959,126.15447760367498
0.00310138,128.629,126.15447760367498
0.00310138,129.099,126.15447760367498
0.00310138,127.899,126.15447760367498
0.00310138,125.499,126.15447760367498
0.00310138,124.049,126.15447760367498
0.00310138,123.689,126.15447760367498
0.00310138,121.399,126.15447760367498
0.00310138,120.319,126.15447760367498
0.00310138,119.229,126.15447760367498
0.00310138,117.789,126.15447760367498
0.00310138,116.229,126.15447760367498
0.00310138,114.779,126.15447760367498
0.00310138,112.139,126.15447760367498
0.00310138,109.619,126.15447760367498
0.00331266,117.195,126.11982188136922
0.00331266,118.595,126.11982188136922
0.00331266,122.765,126.11982188136922
0.00331266,125.045,126.11982188136922
0.00331266,127.315,126.11982188136922
0.00331266,129.095,126.11982188136922
0.00331266,129.235,126.11982188136922
0.00331266,127.365,126.11982188136922
0.00331266,124.355,126.11982188136922
0.00331266,122.365,126.11982188136922
0.00331266,122.375,126.11982188136922
0.00331266,120.755,126.11982188136922
0.00331266,119.135,126.11982188136922
0.00331266,118.145,126.11982188136922
0.00331266,115.645,126.11982188136922
0.00331266,113.775,126.11982188136922
0.00331266,110.515,126.11982188136922
0.00331266,108.265,126.11982188136922
0.00336729,127.122,126.11086106108542
0.00336729,125.992,126.11086106108542
0.00336729,125.872,126.11086106108542
0.00336729,126.632,126.11086106108542
0.00336729,126.642,126.11086106108542
0.00336729,124.512,126.11086106108542
0.00336729,123.392,126.11086106108542
0.00336729,121.762,126.11086106108542
0.00336729,119.632,126.11086106108542
0.00336729,118.122,126.11086106108542
0.00336729,115.372,126.11086106108542
0.00336729,113.492,126.11086106108542
0.00336729,109.222,126.11086106108542
0.00336729,106.582,126.11086106108542
0.00392107,121.851,126.0200259328268
0.00392107,124.001,126.0200259328268
0.00392107,126.661,126.0200259328268
0.00392107,128.311,126.0200259328268
0.00392107,128.831,126.0200259328268
0.00392107,127.581,126.0200259328268
0.00392107,125.211,126.0200259328268
0.00392107,122.211,126.0200259328268
0.00392107,122.101,126.0200259328268
0.00392107,120.981,126.0200259328268
0.00392107,119.111,126.0200259328268
0.00392107,117.741,126.0200259328268
0.00392107,116.241,126.0200259328268
0.00392107,114.751,126.0200259328268
0.00392107,112.251,126.0200259328268
0.00392107,108.991,126.0200259328268
0.00392107,106.111,126.0200259328268
0.00425727,127.564,125.96487989988854
0.00425727,128.454,125.96487989988854
0.00425727,129.354,125.96487989988854
0.00425727,129.494,125.96487989988854
0.00425727,129.004,125.96487989988854
0.00425727,127.634,125.96487989988854
0.00425727,126.514,125.96487989988854
0.00425727,125.524,125.96487989988854
0.00425727,124.024,125.96487989988854
0.00425727,121.514,125.96487989988854
0.00425727,120.264,125.96487989988854
0.00425727,118.134,125.96487989988854
0.00425727,116.134,125.96487989988854
0.00425727,114.634,125.96487989988854
0.00425727,110.224,125.96487989988854
0.00452492,126.159,125.920977949514
0.00452492,128.179,125.920977949514
0.00452492,129.569,125.920977949514
0.00452492,129.949,125.920977949514
0.00452492,129.329,125.920977949514
0.00452492,127.329,125.920977949514
0.00452492,124.439,125.920977949514
0.00452492,123.069,125.920977949514
0.00452492,122.439,125.920977949514
0.00452492,120.189,125.920977949514
0.00452492,118.689,125.920977949514
0.00452492,117.309,125.920977949514
0.00452492,115.679,125.920977949514
0.00452492,113.799,125.920977949514
0.00452492,112.169,125.920977949514
0.00495741,123.312,125.85003771219851
0.00495741,125.472,125.85003771219851
0.00495741,127.632,125.85003771219851
0.00495741,129.292,125.85003771219851
0.00495741,129.552,125.85003771219851
0.00495741,128.312,125.85003771219851
0.00495741,125.802,125.85003771219851
0.00495741,122.782,125.85003771219851
0.00495741,120.532,125.85003771219851
0.00495741,120.162,125.85003771219851
0.00495741,118.922,125.85003771219851
0.00495741,116.792,125.85003771219851
0.00495741,115.792,125.85003771219851
0.00495741,114.042,125.85003771219851
0.00495741,110.652,125.85003771219851
0.00529514,123.118,125.79464071724242
0.00529514,125.398,125.79464071724242
0.00529514,127.548,125.79464071724242
0.00529514,128.698,125.79464071724242
0.00529514,128.708,125.79464071724242
0.00529514,126.838,125.79464071724242
0.00529514,124.838,125.79464071724242
0.00529514,122.088,125.79464071724242
0.00529514,120.088,125.79464071724242
0.00529514,119.598,125.79464071724242
0.00529514,118.108,125.79464071724242
0.00529514,115.608,125.79464071724242
0.00529514,113.858,125.79464071724242
0.00529514,109.718,125.79464071724242
0.00497773,126.395,125.84670467415775
0.00497773,128.175,125.84670467415775
0.00497773,129.575,125.84670467415775
0.00497773,130.715,125.84670467415775
0.00497773,131.615,125.84670467415775
0.00497773,131.755,125.84670467415775
0.00497773,131.015,125.84670467415775
0.00497773,129.395,125.84670467415775
0.00497773,126.645,125.84670467415775
0.00497773,124.395,125.84670467415775
0.00497773,123.775,125.84670467415775
0.00497773,121.775,125.84670467415775
0.00497773,119.535,125.84670467415775
0.00497773,117.785,125.84670467415775
0.00497773,116.165,125.84670467415775
0.00497773,113.665,125.84670467415775
0.00497773,110.905,125.84670467415775
0.00497773,107.405,125.84670467415775
0.00579636,123.543,125.71242687241997
0.00579636,126.843,125.71242687241997
0.00579636,128.633,125.71242687241997
0.00579636,130.173,125.71242687241997
0.00579636,131.073,125.71242687241997
0.00579636,130.723,125.71242687241997
0.00579636,128.723,125.71242687241997
0.00579636,126.343,125.71242687241997
0.00579636,123.213,125.71242687241997
0.00579636,120.963,125.71242687241997
0.00579636,120.233,125.71242687241997
0.00579636,118.743,125.71242687241997
0.00579636,115.863,125.71242687241997
0.00579636,113.733,125.71242687241997
0.00214345,128.144,126.31160443095797
0.00214345,129.134,126.31160443095797
0.00214345,128.244,126.31160443095797
0.00214345,128.354,126.31160443095797
0.00214345,127.834,126.31160443095797
0.00214345,125.824,126.31160443095797
0.00214345,124.304,126.31160443095797
0.00214345,122.044,126.31160443095797
0.00214345,118.024,126.31160443095797
0.00214345,118.134,126.31160443095797
0.00214345,117.624,126.31160443095797
0.00214345,114.984,126.31160443095797
0.00214345,114.474,126.31160443095797
0.00229336,119.54,126.28701507403419
0.00229336,121.66,126.28701507403419
0.00229336,123.78,126.28701507403419
0.00229336,126.16,126.28701507403419
0.00229336,127.53,126.28701507403419
0.00229336,128.29,126.28701507403419
0.00229336,127.91,126.28701507403419
0.00229336,126.79,126.28701507403419
0.00229336,126.54,126.28701507403419
0.00229336,126.54,126.28701507403419
0.00229336,125.16,126.28701507403419
0.00229336,123.41,126.28701507403419
0.00229336,122.41,126.28701507403419
0.00229336,118.41,126.28701507403419
0.00253511,121.055,126.24736143494191
0.00253511,123.565,126.24736143494191
0.00253511,126.195,126.24736143494191
0.00253511,128.705,126.24736143494191
0.00253511,130.205,126.24736143494191
0.00253511,130.435,126.24736143494191
0.00253511,129.395,126.24736143494191
0.00253511,127.095,126.24736143494191
0.00253511,125.305,126.24736143494191
0.00253511,125.025,126.24736143494191
0.00253511,124.625,126.24736143494191
0.00253511,123.465,126.24736143494191
0.00253511,122.175,126.24736143494191
0.00253511,117.465,126.24736143494191
0.0027238,120.595,126.21641109301711
0.0027238,123.635,126.21641109301711
0.0027238,126.675,126.21641109301711
0.0027238,129.465,126.21641109301711
0.0027238,130.725,126.21641109301711
0.0027238,130.595,126.21641109301711
0.0027238,128.805,126.21641109301711
0.0027238,125.625,126.21641109301711
0.0027238,123.455,126.21641109301711
0.0027238,123.445,126.21641109301711
0.0027238,123.445,126.21641109301711
0.0027238,122.035,126.21641109301711
0.0027238,120.505,126.21641109301711
0.0027238,116.815,126.21641109301711
0.00293031,125.116,126.18253778170813
0.00293031,126.486,126.18253778170813
0.00293031,127.356,126.18253778170813
0.00293031,128.216,126.18253778170813
0.00293031,128.956,126.18253778170813
0.00293031,128.816,126.18253778170813
0.00293031,127.796,126.18253778170813
0.00293031,126.896,126.18253778170813
0.00293031,127.006,126.18253778170813
0.00293031,126.116,126.18253778170813
0.00293031,124.086,126.18253778170813
0.00293031,122.816,126.18253778170813
0.00293031,120.786,126.18253778170813
0.00293031,115.996,126.18253778170813
0.00293031,113.086,126.18253778170813
0.00313525,122.292,126.14892199351549
0.00313525,124.692,126.14892199351549
0.00313525,126.842,126.14892199351549
0.00313525,128.492,126.14892199351549
0.00313525,129.002,126.14892199351549
0.00313525,128.762,126.14892199351549
0.00313525,126.752,126.14892199351549
0.00313525,124.612,126.14892199351549
0.00313525,123.862,126.14892199351549
0.00313525,123.742,126.14892199351549
0.00313525,122.232,126.14892199351549
0.00313525,120.472,126.14892199351549
0.00313525,118.712,126.14892199351549
0.00346574,120.137,126.09471255738889
0.00346574,122.147,126.09471255738889
0.00346574,125.157,126.09471255738889
0.00346574,127.417,126.09471255738889
0.00346574,129.037,126.09471255738889
0.00346574,129.147,126.09471255738889
0.00346574,128.257,126.09471255738889
0.00346574,125.837,126.09471255738889
0.00346574,122.797,126.09471255738889
0.00346574,121.397,126.09471255738889
0.00346574,121.627,126.09471255738889
0.00346574,120.227,126.09471255738889
0.00346574,118.827,126.09471255738889
0.00346574,116.417,126.09471255738889
0.00372371,120.147,126.05239839285265
0.00372371,123.417,126.05239839285265
0.00372371,126.677,126.05239839285265
0.00372371,129.057,126.05239839285265
0.00372371,130.307,126.05239839285265
0.00372371,130.307,126.05239839285265
0.00372371,128.677,126.05239839285265
0.00372371,125.797,126.05239839285265
0.00372371,123.037,126.05239839285265
0.00372371,121.407,126.05239839285265
0.00372371,121.527,126.05239839285265
0.00372371,120.527,126.05239839285265
0.00372371,118.267,126.05239839285265
0.00372371,115.137,126.05239839285265
0.00400603,126.758,126.00609015960123
0.00400603,129.038,126.00609015960123
0.00400603,130.688,126.00609015960123
0.00400603,131.708,126.00609015960123
0.00400603,131.718,126.00609015960123
0.00400603,129.468,126.00609015960123
0.00400603,126.218,126.00609015960123
0.00400603,124.338,126.00609015960123
0.00400603,124.108,126.00609015960123
0.00400603,121.728,126.00609015960123
0.00400603,121.118,126.00609015960123
0.00400603,118.618,126.00609015960123
0.00400603,112.848,126.00609015960123
0.00400603,113.108,126.00609015960123
0.00400603,114.258,126.00609015960123
0.00400603,112.768,126.00609015960123
0.00400603,109.638,126.00609015960123
0.0042862,123.274,125.96013458539448
0.0042862,127.314,125.96013458539448
0.0042862,129.964,125.96013458539448
0.0042862,131.864,125.96013458539448
0.0042862,132.134,125.96013458539448
0.0042862,131.264,125.96013458539448
0.0042862,128.264,125.96013458539448
0.0042862,124.254,125.96013458539448
0.0042862,122.384,125.96013458539448
0.0042862,122.394,125.96013458539448
0.0042862,120.654,125.96013458539448
0.0042862,120.034,125.96013458539448
0.0042862,117.154,125.96013458539448
0.0042862,112.524,125.96013458539448
0.00473801,122.229,125.88602533750087
0.00473801,123.879,125.88602533750087
0.00473801,127.039,125.88602533750087
0.00473801,129.579,125.88602533750087
0.00473801,130.469,125.88602533750087
0.00473801,129.969,125.88602533750087
0.00473801,128.339,125.88602533750087
0.00473801,125.319,125.88602533750087
0.00473801,121.659,125.88602533750087
0.00473801,119.649,125.88602533750087
0.00473801,120.419,125.88602533750087
0.00473801,119.159,125.88602533750087
0.00473801,117.649,125.88602533750087
0.00473801,114.249,125.88602533750087
0.00473801,113.129,125.88602533750087
0.00509068,120.189,125.828177772253
0.00509068,123.609,125.828177772253
0.00509068,126.149,125.828177772253
0.00509068,128.939,125.828177772253
0.00509068,130.349,125.828177772253
0.00509068,130.869,125.828177772253
0.00509068,129.869,125.828177772253
0.00509068,128.119,125.828177772253
0.00509068,125.229,125.828177772253
0.00509068,122.089,125.828177772253
0.00509068,120.209,125.828177772253
0.00509068,120.229,125.828177772253
0.00509068,118.859,125.828177772253
0.00509068,115.969,125.828177772253
0.00509068,112.699,125.828177772253
0.0051942,127.7,125.81119764932092
0.0051942,129.88,125.81119764932092
0.0051942,131.8,125.81119764932092
0.0051942,133.48,125.81119764932092
0.0051942,134.0,125.81119764932092
0.0051942,133.38,125.81119764932092
0.0051942,130.46,125.81119764932092
0.0051942,125.89,125.81119764932092
0.0051942,123.74,125.81119764932092
0.0051942,123.12,125.81119764932092
0.0051942,120.33,125.81119764932092
0.0051942,118.05,125.81119764932092
0.0051942,116.92,125.81119764932092
0.0051942,114.9,125.81119764932092
0.0051942,111.35,125.81119764932092
0.00614329,127.011,125.65552082480762
0.00614329,129.691,125.65552082480762
0.00614329,131.221,125.65552082480762
0.00614329,132.251,125.65552082480762
0.00614329,132.011,125.65552082480762
0.00614329,129.491,125.65552082480762
0.00614329,125.581,125.65552082480762
0.00614329,125.721,125.65552082480762
0.00614329,123.081,125.65552082480762
0.00614329,117.911,125.65552082480762
0.00614329,116.151,125.65552082480762
0.00614329,118.441,125.65552082480762
0.00614329,115.801,125.65552082480762
0.00614329,115.311,125.65552082480762
0.00614329,112.541,125.65552082480762
0.0104404,138.758,124.95067677483945
0.0104404,139.918,124.95067677483945
0.0104404,139.808,124.95067677483945
0.0104404,139.438,124.95067677483945
0.0104404,136.798,124.95067677483945
0.0104404,133.768,124.95067677483945
0.0104404,130.748,124.95067677483945
0.0104404,126.838,124.95067677483945
0.0104404,127.358,124.95067677483945
0.0104404,125.728,124.95067677483945
0.0104404,122.708,124.95067677483945
0.0104404,122.088,124.95067677483945
0.0104404,120.458,124.95067677483945
0.0104404,119.208,124.95067677483945
0.0104404,115.298,124.95067677483945
0.0104404,115.818,124.95067677483945
0.0111706,135.234,124.83090392162258
0.0111706,136.384,124.83090392162258
0.0111706,136.284,124.83090392162258
0.0111706,135.924,124.83090392162258
0.0111706,133.174,124.83090392162258
0.0111706,130.934,124.83090392162258
0.0111706,128.444,124.83090392162258
0.0111706,125.194,124.83090392162258
0.0111706,125.724,124.83090392162258
0.0111706,123.354,124.83090392162258
0.0111706,120.354,124.83090392162258
0.0111706,118.994,124.83090392162258
0.0111706,117.134,124.83090392162258
0.0111706,117.284,124.83090392162258
0.0111706,113.144,124.83090392162258
0.0111706,111.534,124.83090392162258
0.0123481,130.989,124.63776158436858
0.0123481,131.889,124.63776158436858
0.0123481,132.149,124.63776158436858
0.0123481,132.039,124.63776158436858
0.0123481,130.299,124.63776158436858
0.0123481,128.929,124.63776158436858
0.0123481,126.299,124.63776158436858
0.0123481,122.539,124.63776158436858
0.0123481,123.189,124.63776158436858
0.0123481,121.059,124.63776158436858
0.0123481,117.809,124.63776158436858
0.0123481,116.559,124.63776158436858
0.0123481,114.309,124.63776158436858
0.0123481,114.079,124.63776158436858
0.0123481,111.959,124.63776158436858
0.0123481,110.839,124.63776158436858
0.0132672,128.679,124.48700394345974
0.0132672,130.089,124.48700394345974
0.0132672,130.239,124.48700394345974
0.0132672,130.269,124.48700394345974
0.0132672,128.169,124.48700394345974
0.0132672,126.189,124.48700394345974
0.0132672,123.209,124.48700394345974
0.0132672,119.099,124.48700394345974
0.0132672,120.509,124.48700394345974
0.0132672,119.039,124.48700394345974
0.0132672,115.309,124.48700394345974
0.0132672,114.709,124.48700394345974
0.0132672,113.229,124.48700394345974
0.0132672,112.639,124.48700394345974
0.0132672,111.029,124.48700394345974
0.0132672,110.689,124.48700394345974
0.0015988,125.817,126.40094198848271
0.0015988,127.307,126.40094198848271
0.0015988,128.927,126.40094198848271
0.0015988,129.667,126.40094198848271
0.0015988,128.647,126.40094198848271
0.0015988,128.127,126.40094198848271
0.0015988,129.377,126.40094198848271
0.0015988,128.857,126.40094198848271
0.0015988,126.457,126.40094198848271
0.0015988,125.427,126.40094198848271
0.0015988,122.527,126.40094198848271
0.0015988,120.247,126.40094198848271
0.0015988,117.087,126.40094198848271
0.0015988,113.297,126.40094198848271
0.00172668,120.573,126.37996615656081
0.00172668,123.583,126.37996615656081
0.00172668,126.713,126.37996615656081
0.00172668,128.583,126.37996615656081
0.00172668,129.953,126.37996615656081
0.00172668,130.183,126.37996615656081
0.00172668,129.673,126.37996615656081
0.00172668,127.763,126.37996615656081
0.00172668,127.753,126.37996615656081
0.00172668,127.233,126.37996615656081
0.00172668,125.203,126.37996615656081
0.00172668,123.303,126.37996615656081
0.00172668,121.903,126.37996615656081
0.00172668,119.253,126.37996615656081
0.00172668,117.093,126.37996615656081
0.00172668,112.803,126.37996615656081
0.00193287,119.513,126.34614533403987
0.00193287,124.403,126.34614533403987
0.00193287,127.903,126.34614533403987
0.00193287,130.033,126.34614533403987
0.00193287,131.023,126.34614533403987
0.00193287,131.013,126.34614533403987
0.00193287,129.633,126.34614533403987
0.00193287,126.863,126.34614533403987
0.00193287,125.603,126.34614533403987
0.00193287,125.343,126.34614533403987
0.00193287,123.453,126.34614533403987
0.00193287,121.313,126.34614533403987
0.00193287,120.553,126.34614533403987
0.00193287,115.413,126.34614533403987
0.00209405,121.617,126.31970738761218
0.00209405,125.997,126.31970738761218
0.00209405,129.117,126.31970738761218
0.00209405,130.987,126.31970738761218
0.00209405,131.467,126.31970738761218
0.00209405,130.817,126.31970738761218
0.00209405,128.907,126.31970738761218
0.00209405,125.867,126.31970738761218
0.00209405,124.207,126.31970738761218
0.00209405,123.807,126.31970738761218
0.00209405,122.397,126.31970738761218
0.00209405,119.737,126.31970738761218
0.00209405,117.957,126.31970738761218
0.00243851,127.404,126.26320648783256
0.00243851,127.394,126.26320648783256
0.00243851,128.774,126.26320648783256
0.00243851,130.144,126.26320648783256
0.00243851,130.644,126.26320648783256
0.00243851,130.114,126.26320648783256
0.00243851,128.334,126.26320648783256
0.00243851,127.054,126.26320648783256
0.00243851,126.534,126.26320648783256
0.00243851,124.364,126.26320648783256
0.00243851,121.944,126.26320648783256
0.00243851,120.534,126.26320648783256
0.00243851,116.724,126.26320648783256
0.00243851,113.034,126.26320648783256
0.00243851,110.364,126.26320648783256
0.00294804,121.009,126.1796295747956
0.00294804,125.809,126.1796295747956
0.00294804,128.829,126.1796295747956
0.00294804,130.589,126.1796295747956
0.00294804,130.829,126.1796295747956
0.00294804,130.049,126.1796295747956
0.00294804,128.139,126.1796295747956
0.00294804,125.589,126.1796295747956
0.00294804,122.919,126.1796295747956
0.00294804,121.889,126.1796295747956
0.00294804,121.499,126.1796295747956
0.00294804,119.209,126.1796295747956
0.00294804,116.659,126.1796295747956
0.00294804,112.589,126.1796295747956
0.00294804,108.649,126.1796295747956
0.00401199,124.121,126.00511255592393
0.00401199,126.291,126.00511255592393
0.00401199,128.971,126.00511255592393
0.00401199,131.281,126.00511255592393
0.00401199,133.201,126.00511255592393
0.00401199,134.111,126.00511255592393
0.00401199,133.241,126.00511255592393
0.00401199,131.111,126.00511255592393
0.00401199,127.591,126.00511255592393
0.00401199,123.311,126.00511255592393
0.00401199,121.431,126.00511255592393
0.00401199,120.061,126.00511255592393
0.00401199,116.411,126.00511255592393
0.00433288,126.807,125.95247778343862
0.00433288,129.367,125.95247778343862
0.00433288,131.807,125.95247778343862
0.00433288,133.097,125.95247778343862
0.00433288,132.127,125.95247778343862
0.00433288,130.777,125.95247778343862
0.00433288,130.567,125.95247778343862
0.00433288,128.707,125.95247778343862
0.00433288,124.077,125.95247778343862
0.00433288,121.587,125.95247778343862
0.00433288,119.737,125.95247778343862
0.00433288,118.757,125.95247778343862
0.00433288,117.287,125.95247778343862
0.00433288,114.927,125.95247778343862
0.00485029,125.347,125.86760833399609
0.00485029,127.637,125.86760833399609
0.00485029,129.937,125.86760833399609
0.00485029,132.357,125.86760833399609
0.00485029,132.757,125.86760833399609
0.00485029,130.507,125.86760833399609
0.00485029,127.117,125.86760833399609
0.00485029,126.267,125.86760833399609
0.00485029,124.647,125.86760833399609
0.00485029,120.497,125.86760833399609
0.00485029,119.137,125.86760833399609
0.00485029,117.137,125.86760833399609
0.00485029,117.037,125.86760833399609
0.00485029,116.677,125.86760833399609
0.00525474,125.741,125.80126742673292
0.00525474,127.781,125.80126742673292
0.00525474,129.681,125.80126742673292
0.00525474,131.471,125.80126742673292
0.00525474,131.491,125.80126742673292
0.00525474,128.241,125.80126742673292
0.00525474,123.991,125.80126742673292
0.00525474,123.761,125.80126742673292
0.00525474,122.771,125.80126742673292
0.00525474,119.151,125.80126742673292
0.00525474,118.291,125.80126742673292
0.00525474,116.181,125.80126742673292
0.00525474,115.691,125.80126742673292
0.00525474,115.591,125.80126742673292
0.00752039,128.713,125.42963860601147
0.00752039,130.123,125.42963860601147
0.00752039,132.043,125.42963860601147
0.00752039,134.853,125.42963860601147
0.00752039,136.023,125.42963860601147
0.00752039,134.273,125.42963860601147
0.00752039,132.513,125.42963860601147
0.00752039,130.893,125.42963860601147
0.00752039,128.643,125.42963860601147
0.00752039,124.353,125.42963860601147
0.00752039,116.783,125.42963860601147
0.00752039,119.343,125.42963860601147
0.00752039,118.343,125.42963860601147
0.00752039,116.603,125.42963860601147
0.00752039,113.333,125.42963860601147
0.00752039,110.313,125.42963860601147
0.00909175,127.488,125.17189241232361
0.00909175,130.558,125.17189241232361
0.00909175,132.118,125.17189241232361
0.00909175,132.658,125.17189241232361
0.00909175,133.198,125.17189241232361
0.00909175,132.358,125.17189241232361
0.00909175,128.338,125.17189241232361
0.00909175,122.428,125.17189241232361
0.00909175,120.058,125.17189241232361
0.00909175,120.228,125.17189241232361
0.00909175,117.478,125.17189241232361
0.00909175,111.818,125.17189241232361
0.00909175,114.258,125.17189241232361
0.00909175,113.288,125.17189241232361
0.00909175,112.688,125.17189241232361
0.00909175,111.588,125.17189241232361
0.00909175,110.868,125.17189241232361
0.0193001,134.319,123.49744266412247
0.0193001,135.329,123.49744266412247
0.0193001,135.459,123.49744266412247
0.0193001,135.079,123.49744266412247
0.0193001,131.279,123.49744266412247
0.0193001,129.889,123.49744266412247
0.0193001,128.879,123.49744266412247
0.0193001,126.349,123.49744266412247
0.0193001,122.679,123.49744266412247
0.0193001,121.789,123.49744266412247
0.0193001,120.779,123.49744266412247
0.0193001,119.639,123.49744266412247
0.0193001,116.849,123.49744266412247
0.0193001,115.079,123.49744266412247
0.0193001,114.569,123.49744266412247
0.0193001,112.039,123.49744266412247
0.0208438,131.955,123.24423347005114
0.0208438,133.235,123.24423347005114
0.0208438,132.355,123.24423347005114
0.0208438,131.605,123.24423347005114
0.0208438,127.815,123.24423347005114
0.0208438,127.315,123.24423347005114
0.0208438,126.565,123.24423347005114
0.0208438,124.665,123.24423347005114
0.0208438,121.635,123.24423347005114
0.0208438,119.875,123.24423347005114
0.0208438,119.505,123.24423347005114
0.0208438,118.365,123.24423347005114
0.0208438,115.085,123.24423347005114
0.0208438,112.945,123.24423347005114
0.0208438,112.065,123.24423347005114
0.0208438,110.555,123.24423347005114
0.0233328,127.315,122.8359691155499
0.0233328,128.335,122.8359691155499
0.0233328,128.595,122.8359691155499
0.0233328,128.345,122.8359691155499
0.0233328,126.835,122.8359691155499
0.0233328,126.465,122.8359691155499
0.0233328,126.345,122.8359691155499
0.0233328,123.835,122.8359691155499
0.0233328,120.555,122.8359691155499
0.0233328,118.545,122.8359691155499
0.0233328,117.925,122.8359691155499
0.0233328,116.295,122.8359691155499
0.0233328,113.525,122.8359691155499
0.0233328,112.265,122.8359691155499
0.0233328,111.135,122.8359691155499
0.0233328,109.885,122.8359691155499
0.0252785,127.299,122.51682088149886
0.0252785,128.559,122.51682088149886
0.0252785,128.809,122.51682088149886
0.0252785,128.939,122.51682088149886
0.0252785,127.179,122.51682088149886
0.0252785,126.049,122.51682088149886
0.0252785,125.539,122.51682088149886
0.0252785,122.149,122.51682088149886
0.0252785,118.619,122.51682088149886
0.0252785,117.119,122.51682088149886
0.0252785,116.859,122.51682088149886
0.0252785,114.729,122.51682088149886
0.0252785,112.209,122.51682088149886
0.0252785,111.459,122.51682088149886
0.0252785,109.949,122.51682088149886
0.0252785,108.689,122.51682088149886
0.0483159,128.354,118.73805461376617
0.0483159,129.744,118.73805461376617
0.0483159,128.484,118.73805461376617
0.0483159,127.094,118.73805461376617
0.0483159,121.664,118.73805461376617
0.0483159,123.304,118.73805461376617
0.0483159,123.054,118.73805461376617
0.0483159,122.044,118.73805461376617
0.0483159,120.154,118.73805461376617
0.0483159,120.534,118.73805461376617
0.0483159,117.504,118.73805461376617
0.0483159,115.234,118.73805461376617
0.0483159,113.334,118.73805461376617
0.0483159,108.034,118.73805461376617
0.0483159,108.034,118.73805461376617
0.0483159,107.284,118.73805461376617
0.0584113,114.75,117.08213176746978
0.0584113,115.89,117.08213176746978
0.0584113,116.02,117.08213176746978
0.0584113,115.91,117.08213176746978
0.0584113,114.9,117.08213176746978
0.0584113,116.55,117.08213176746978
0.0584113,116.56,117.08213176746978
0.0584113,114.67,117.08213176746978
0.0584113,112.16,117.08213176746978
0.0584113,110.78,117.08213176746978
0.0584113,109.52,117.08213176746978
0.0584113,106.88,117.08213176746978
0.0584113,106.26,117.08213176746978
0.0584113,104.5,117.08213176746978
0.0584113,104.13,117.08213176746978
0.0584113,103.38,117.08213176746978
7.40478E-4,130.96,126.54173036826745
7.40478E-4,129.45,126.54173036826745
7.40478E-4,128.56,126.54173036826745
7.40478E-4,129.68,126.54173036826745
7.40478E-4,131.06,126.54173036826745
7.40478E-4,131.31,126.54173036826745
7.40478E-4,135.07,126.54173036826745
7.40478E-4,134.43,126.54173036826745
7.40478E-4,134.43,126.54173036826745
7.40478E-4,133.04,126.54173036826745
7.40478E-4,130.89,126.54173036826745
7.40478E-4,128.74,126.54173036826745
7.40478E-4,125.22,126.54173036826745
7.6193E-4,124.336,126.53821165113898
7.6193E-4,125.586,126.53821165113898
7.6193E-4,127.076,126.53821165113898
7.6193E-4,128.576,126.53821165113898
7.6193E-4,131.456,126.53821165113898
7.6193E-4,133.956,126.53821165113898
7.6193E-4,134.826,126.53821165113898
7.6193E-4,134.946,126.53821165113898
7.6193E-4,134.556,126.53821165113898
7.6193E-4,132.796,126.53821165113898
7.6193E-4,130.156,126.53821165113898
7.6193E-4,127.636,126.53821165113898
7.6193E-4,125.376,126.53821165113898
7.91822E-4,126.508,126.53330854222585
7.91822E-4,127.638,126.53330854222585
7.91822E-4,129.148,126.53330854222585
7.91822E-4,130.908,126.53330854222585
7.91822E-4,132.918,126.53330854222585
7.91822E-4,134.938,126.53330854222585
7.91822E-4,135.938,126.53330854222585
7.91822E-4,135.308,126.53330854222585
7.91822E-4,134.308,126.53330854222585
7.91822E-4,131.918,126.53330854222585
7.91822E-4,128.518,126.53330854222585
7.91822E-4,125.998,126.53330854222585
7.91822E-4,123.988,126.53330854222585
8.12164E-4,122.79,126.52997189558091
8.12164E-4,126.78,126.52997189558091
8.12164E-4,129.27,126.52997189558091
8.12164E-4,131.01,126.52997189558091
8.12164E-4,133.01,126.52997189558091
8.12164E-4,134.87,126.52997189558091
8.12164E-4,135.49,126.52997189558091
8.12164E-4,134.11,126.52997189558091
8.12164E-4,133.23,126.52997189558091
8.12164E-4,130.34,126.52997189558091
8.12164E-4,126.59,126.52997189558091
8.12164E-4,122.45,126.52997189558091
8.12164E-4,119.07,126.52997189558091
0.00142788,124.318,126.42897756239647
0.00142788,129.848,126.42897756239647
0.00142788,131.978,126.42897756239647
0.00142788,133.728,126.42897756239647
0.00142788,133.598,126.42897756239647
0.00142788,132.828,126.42897756239647
0.00142788,129.308,126.42897756239647
0.00142788,125.268,126.42897756239647
0.00142788,121.238,126.42897756239647
0.00142788,117.328,126.42897756239647
0.00152689,125.647,126.41273720332087
0.00152689,128.427,126.41273720332087
0.00152689,130.197,126.41273720332087
0.00152689,132.587,126.41273720332087
0.00152689,133.847,126.41273720332087
0.00152689,133.587,126.41273720332087
0.00152689,131.807,126.41273720332087
0.00152689,129.777,126.41273720332087
0.00152689,125.717,126.41273720332087
0.00152689,120.397,126.41273720332087
0.00152689,116.967,126.41273720332087
0.00529514,127.556,125.79464071724242
0.00529514,129.946,125.79464071724242
0.00529514,132.086,125.79464071724242
0.00529514,133.846,125.79464071724242
0.00529514,134.476,125.79464071724242
0.00529514,134.226,125.79464071724242
0.00529514,131.966,125.79464071724242
0.00529514,126.926,125.79464071724242
0.00529514,121.146,125.79464071724242
0.00544854,121.582,125.76947890447404
0.00544854,123.742,125.76947890447404
0.00544854,126.152,125.76947890447404
0.00544854,128.562,125.76947890447404
0.00544854,130.722,125.76947890447404
0.00544854,132.252,125.76947890447404
0.00544854,133.032,125.76947890447404
0.00544854,133.042,125.76947890447404
0.00544854,131.542,125.76947890447404
0.00544854,128.402,125.76947890447404
0.00544854,122.612,125.76947890447404
0.00544854,115.812,125.76947890447404
0.00566229,120.015,125.73441803433558
0.00566229,122.905,125.73441803433558
0.00566229,126.045,125.73441803433558
0.00566229,128.435,125.73441803433558
0.00566229,130.195,125.73441803433558
0.00566229,131.205,125.73441803433558
0.00566229,130.965,125.73441803433558
0.00566229,129.965,125.73441803433558
0.00566229,127.465,125.73441803433558
0.00566229,123.965,125.73441803433558
0.00566229,118.955,125.73441803433558
0.00580776,120.076,125.71055695934591
0.00580776,122.966,125.71055695934591
0.00580776,125.856,125.71055695934591
0.00580776,128.246,125.71055695934591
0.00580776,129.516,125.71055695934591
0.00580776,130.156,125.71055695934591
0.00580776,129.296,125.71055695934591
0.00580776,127.686,125.71055695934591
0.00580776,125.576,125.71055695934591
0.00580776,122.086,125.71055695934591
0.00580776,118.106,125.71055695934591
0.014072,125.941,124.35499464153023
0.014072,127.101,124.35499464153023
0.014072,128.381,124.35499464153023
0.014072,129.281,124.35499464153023
0.014072,130.311,124.35499464153023
0.014072,133.611,124.35499464153023
0.014072,136.031,124.35499464153023
0.014072,136.941,124.35499464153023
0.014072,136.191,124.35499464153023
0.014072,135.191,124.35499464153023
0.014072,133.311,124.35499464153023
0.014072,130.541,124.35499464153023
0.014072,127.141,124.35499464153023
0.014072,122.471,124.35499464153023
0.0150478,125.01,124.19493664348992
0.0150478,126.43,124.19493664348992
0.0150478,128.99,124.19493664348992
0.0150478,130.67,124.19493664348992
0.0150478,131.96,124.19493664348992
0.0150478,133.13,124.19493664348992
0.0150478,133.79,124.19493664348992
0.0150478,132.43,124.19493664348992
0.0150478,130.05,124.19493664348992
0.0150478,126.54,124.19493664348992
0.0150478,124.42,124.19493664348992
0.0150478,122.17,124.19493664348992
0.0150478,119.67,124.19493664348992
0.0150478,115.52,124.19493664348992
0.0264269,123.595,122.32845174340757
0.0264269,124.835,122.32845174340757
0.0264269,126.195,122.32845174340757
0.0264269,126.805,122.32845174340757
0.0264269,127.285,122.32845174340757
0.0264269,129.645,122.32845174340757
0.0264269,131.515,122.32845174340757
0.0264269,131.865,122.32845174340757
0.0264269,130.845,122.32845174340757
0.0264269,130.065,122.32845174340757
0.0264269,129.285,122.32845174340757
0.0264269,127.625,122.32845174340757
0.0264269,125.715,122.32845174340757
0.0264269,122.675,122.32845174340757
0.0264269,119.135,122.32845174340757
0.0264269,115.215,122.32845174340757
0.0264269,112.675,122.32845174340757
0.0271925,122.94,122.20287231801338
0.0271925,124.17,122.20287231801338
0.0271925,125.39,122.20287231801338
0.0271925,126.5,122.20287231801338
0.0271925,127.22,122.20287231801338
0.0271925,129.33,122.20287231801338
0.0271925,130.43,122.20287231801338
0.0271925,130.4,122.20287231801338
0.0271925,130.0,122.20287231801338
0.0271925,128.2,122.20287231801338
0.0271925,127.04,122.20287231801338
0.0271925,125.63,122.20287231801338
0.0271925,123.46,122.20287231801338
0.0271925,120.92,122.20287231801338
0.0271925,117.11,122.20287231801338
0.0271925,112.93,122.20287231801338
0.0282593,121.783,122.0278878208732
0.0282593,122.893,122.0278878208732
0.0282593,124.493,122.0278878208732
0.0282593,125.353,122.0278878208732
0.0282593,125.963,122.0278878208732
0.0282593,127.443,122.0278878208732
0.0282593,128.423,122.0278878208732
0.0282593,127.893,122.0278878208732
0.0282593,126.743,122.0278878208732
0.0282593,124.843,122.0278878208732
0.0282593,123.443,122.0278878208732
0.0282593,122.413,122.0278878208732
0.0282593,120.513,122.0278878208732
0.0282593,118.113,122.0278878208732
0.0282593,114.453,122.0278878208732
0.0282593,109.663,122.0278878208732
0.0289853,119.975,121.9088038829994
0.0289853,121.225,121.9088038829994
0.0289853,122.845,121.9088038829994
0.0289853,123.705,121.9088038829994
0.0289853,123.695,121.9088038829994
0.0289853,124.685,121.9088038829994
0.0289853,125.555,121.9088038829994
0.0289853,124.525,121.9088038829994
0.0289853,123.255,121.9088038829994
0.0289853,121.485,121.9088038829994
0.0289853,120.835,121.9088038829994
0.0289853,119.945,121.9088038829994
0.0289853,118.045,121.9088038829994
0.0289853,115.635,121.9088038829994
0.0289853,112.355,121.9088038829994
0.0289853,108.185,121.9088038829994
0.0341183,118.005,121.06685091728835
0.0341183,119.115,121.06685091728835
0.0341183,121.235,121.06685091728835
0.0341183,123.865,121.06685091728835
0.0341183,126.995,121.06685091728835
0.0341183,128.365,121.06685091728835
0.0341183,124.555,121.06685091728835
0.0341183,121.885,121.06685091728835
0.0341183,121.485,121.06685091728835
0.0341183,120.575,121.06685091728835
0.0341183,120.055,121.06685091728835
0.0341183,118.385,121.06685091728835
0.0341183,116.225,121.06685091728835
0.0341183,113.045,121.06685091728835
0.036484,125.974,120.67881114893014
0.036484,127.224,120.67881114893014
0.036484,129.864,120.67881114893014
0.036484,130.614,120.67881114893014
0.036484,128.444,120.67881114893014
0.036484,120.324,120.67881114893014
0.036484,119.174,120.67881114893014
0.036484,118.904,120.67881114893014
0.036484,118.634,120.67881114893014
0.036484,117.604,120.67881114893014
0.036484,117.724,120.67881114893014
0.036484,116.184,120.67881114893014
0.036484,113.004,120.67881114893014
0.036484,108.684,120.67881114893014
4.00682E-4,133.707,126.59746624396134
4.00682E-4,137.007,126.59746624396134
4.00682E-4,138.557,126.59746624396134
4.00682E-4,136.837,126.59746624396134
4.00682E-4,134.987,126.59746624396134
4.00682E-4,129.867,126.59746624396134
4.00682E-4,130.787,126.59746624396134
4.00682E-4,133.207,126.59746624396134
4.00682E-4,130.477,126.59746624396134
4.00682E-4,123.217,126.59746624396134
4.1229E-4,127.623,126.59556221317506
4.1229E-4,130.073,126.59556221317506
4.1229E-4,130.503,126.59556221317506
4.1229E-4,133.223,126.59556221317506
4.1229E-4,135.803,126.59556221317506
4.1229E-4,136.103,126.59556221317506
4.1229E-4,136.163,126.59556221317506
4.1229E-4,134.563,126.59556221317506
4.1229E-4,131.453,126.59556221317506
4.1229E-4,125.683,126.59556221317506
4.1229E-4,121.933,126.59556221317506
4.28464E-4,124.156,126.59290923299439
4.28464E-4,130.026,126.59290923299439
4.28464E-4,131.836,126.59290923299439
4.28464E-4,133.276,126.59290923299439
4.28464E-4,135.346,126.59290923299439
4.28464E-4,136.536,126.59290923299439
4.28464E-4,136.826,126.59290923299439
4.28464E-4,135.866,126.59290923299439
4.28464E-4,133.376,126.59290923299439
4.28464E-4,129.116,126.59290923299439
4.28464E-4,124.986,126.59290923299439
4.39472E-4,125.127,126.5911036186857
4.39472E-4,127.947,126.5911036186857
4.39472E-4,129.267,126.5911036186857
4.39472E-4,130.697,126.5911036186857
4.39472E-4,132.897,126.5911036186857
4.39472E-4,135.227,126.5911036186857
4.39472E-4,137.047,126.5911036186857
4.39472E-4,138.607,126.5911036186857
4.39472E-4,138.537,126.5911036186857
4.39472E-4,137.207,126.5911036186857
4.39472E-4,134.227,126.5911036186857
4.39472E-4,128.977,126.5911036186857
4.39472E-4,125.627,126.5911036186857
8.48633E-4,128.398,126.52398997804605
8.48633E-4,130.828,126.52398997804605
8.48633E-4,133.378,126.52398997804605
8.48633E-4,134.928,126.52398997804605
8.48633E-4,135.468,126.52398997804605
8.48633E-4,134.498,126.52398997804605
8.48633E-4,131.518,126.52398997804605
8.48633E-4,127.398,126.52398997804605
8.48633E-4,127.688,126.52398997804605
8.48633E-4,124.208,126.52398997804605
8.48633E-4,119.708,126.52398997804605
8.73218E-4,121.474,126.51995736287714
8.73218E-4,125.054,126.51995736287714
8.73218E-4,129.144,126.51995736287714
8.73218E-4,132.354,126.51995736287714
8.73218E-4,133.924,126.51995736287714
8.73218E-4,135.484,126.51995736287714
8.73218E-4,135.164,126.51995736287714
8.73218E-4,132.184,126.51995736287714
8.73218E-4,126.944,126.51995736287714
8.73218E-4,125.094,126.51995736287714
8.73218E-4,124.394,126.51995736287714
8.73218E-4,121.284,126.51995736287714
9.07475E-4,116.366,126.51433827408961
9.07475E-4,118.696,126.51433827408961
9.07475E-4,120.766,126.51433827408961
9.07475E-4,122.956,126.51433827408961
9.07475E-4,125.026,126.51433827408961
9.07475E-4,125.966,126.51433827408961
9.07475E-4,128.916,126.51433827408961
9.07475E-4,131.236,126.51433827408961
9.07475E-4,133.436,126.51433827408961
9.07475E-4,134.996,126.51433827408961
9.07475E-4,135.426,126.51433827408961
9.07475E-4,134.336,126.51433827408961
9.07475E-4,131.346,126.51433827408961
9.07475E-4,126.066,126.51433827408961
9.30789E-4,116.128,126.51051413782571
9.30789E-4,120.078,126.51051413782571
9.30789E-4,122.648,126.51051413782571
9.30789E-4,125.348,126.51051413782571
9.30789E-4,127.408,126.51051413782571
9.30789E-4,128.718,126.51051413782571
9.30789E-4,130.148,126.51051413782571
9.30789E-4,132.588,126.51051413782571
9.30789E-4,134.268,126.51051413782571
9.30789E-4,135.328,126.51051413782571
9.30789E-4,135.248,126.51051413782571
9.30789E-4,132.898,126.51051413782571
9.30789E-4,127.008,126.51051413782571
0.00420654,125.726,125.97320101306808
0.00420654,127.206,125.97320101306808
0.00420654,129.556,125.97320101306808
0.00420654,131.656,125.97320101306808
0.00420654,133.756,125.97320101306808
0.00420654,134.976,125.97320101306808
0.00420654,135.956,125.97320101306808
0.00420654,136.166,125.97320101306808
0.00420654,134.236,125.97320101306808
0.00420654,131.186,125.97320101306808
0.00420654,127.246,125.97320101306808
0.0043284,120.952,125.95321262647124
0.0043284,123.082,125.95321262647124
0.0043284,125.452,125.95321262647124
0.0043284,128.082,125.95321262647124
0.0043284,130.332,125.95321262647124
0.0043284,132.202,125.95321262647124
0.0043284,133.062,125.95321262647124
0.0043284,134.052,125.95321262647124
0.0043284,134.152,125.95321262647124
0.0043284,133.252,125.95321262647124
0.0043284,131.582,125.95321262647124
0.0043284,128.412,125.95321262647124
0.0043284,124.222,125.95321262647124
0.00449821,116.074,125.925359123041
0.00449821,116.924,125.925359123041
0.00449821,119.294,125.925359123041
0.00449821,121.154,125.925359123041
0.00449821,123.894,125.925359123041
0.00449821,126.514,125.925359123041
0.00449821,129.014,125.925359123041
0.00449821,130.374,125.925359123041
0.00449821,130.964,125.925359123041
0.00449821,131.184,125.925359123041
0.00449821,131.274,125.925359123041
0.00449821,131.234,125.925359123041
0.00449821,129.934,125.925359123041
0.00449821,127.864,125.925359123041
0.00449821,125.044,125.925359123041
0.00449821,120.324,125.925359123041
0.00461377,119.146,125.90640410945878
0.00461377,120.136,125.90640410945878
0.00461377,122.766,125.90640410945878
0.00461377,124.756,125.90640410945878
0.00461377,126.886,125.90640410945878
0.00461377,129.006,125.90640410945878
0.00461377,130.746,125.90640410945878
0.00461377,131.346,125.90640410945878
0.00461377,131.446,125.90640410945878
0.00461377,131.036,125.90640410945878
0.00461377,130.496,125.90640410945878
0.00461377,130.086,125.90640410945878
0.00461377,128.536,125.90640410945878
0.00461377,126.736,125.90640410945878
0.00461377,124.426,125.90640410945878
0.00461377,120.726,125.90640410945878
0.0121808,119.698,124.66520337886759
0.0121808,122.938,124.66520337886759
0.0121808,125.048,124.66520337886759
0.0121808,126.898,124.66520337886759
0.0121808,128.878,124.66520337886759
0.0121808,130.348,124.66520337886759
0.0121808,131.698,124.66520337886759
0.0121808,133.048,124.66520337886759
0.0121808,134.528,124.66520337886759
0.0121808,134.228,124.66520337886759
0.0121808,134.058,124.66520337886759
0.0121808,133.758,124.66520337886759
0.0121808,131.808,124.66520337886759
0.0121808,128.978,124.66520337886759
0.0121808,125.398,124.66520337886759
0.0121808,120.538,124.66520337886759
0.0121808,114.418,124.66520337886759
0.0130253,121.547,124.52668218667142
0.0130253,123.537,124.52668218667142
0.0130253,125.527,124.52668218667142
0.0130253,127.127,124.52668218667142
0.0130253,128.867,124.52668218667142
0.0130253,130.217,124.52668218667142
0.0130253,130.947,124.52668218667142
0.0130253,130.777,124.52668218667142
0.0130253,129.977,124.52668218667142
0.0130253,129.567,124.52668218667142
0.0130253,129.027,124.52668218667142
0.0130253,127.847,124.52668218667142
0.0130253,126.537,124.52668218667142
0.0130253,125.107,124.52668218667142
0.0130253,123.177,124.52668218667142
0.0130253,120.607,124.52668218667142
0.0130253,116.017,124.52668218667142
0.016104,112.506,124.02169083745368
0.016104,113.796,124.02169083745368
0.016104,115.846,124.02169083745368
0.016104,117.396,124.02169083745368
0.016104,119.806,124.02169083745368
0.016104,122.606,124.02169083745368
0.016104,124.276,124.02169083745368
0.016104,125.816,124.02169083745368
0.016104,126.356,124.02169083745368
0.016104,126.406,124.02169083745368
0.016104,126.826,124.02169083745368
0.016104,126.746,124.02169083745368
0.016104,126.536,124.02169083745368
0.016104,125.586,124.02169083745368
0.016104,123.126,124.02169083745368
0.016104,119.916,124.02169083745368
0.016104,115.466,124.02169083745368
0.0165706,109.951,123.94515562338768
0.0165706,110.491,123.94515562338768
0.0165706,111.911,123.94515562338768
0.0165706,115.461,123.94515562338768
0.0165706,119.621,123.94515562338768
0.0165706,122.411,123.94515562338768
0.0165706,123.091,123.94515562338768
0.0165706,126.001,123.94515562338768
0.0165706,129.301,123.94515562338768
0.0165706,126.471,123.94515562338768
0.0165706,125.261,123.94515562338768
0.0165706,124.931,123.94515562338768
0.0165706,124.101,123.94515562338768
0.0165706,121.771,123.94515562338768
0.0165706,118.941,123.94515562338768
0.0165706,114.861,123.94515562338768
0.0172206,114.044,123.83853777267421
0.0172206,114.714,123.83853777267421
0.0172206,115.144,123.83853777267421
0.0172206,115.444,123.83853777267421
0.0172206,117.514,123.83853777267421
0.0172206,124.514,123.83853777267421
0.0172206,135.324,123.83853777267421
0.0172206,138.274,123.83853777267421
0.0172206,131.364,123.83853777267421
0.0172206,127.614,123.83853777267421
0.0172206,126.644,123.83853777267421
0.0172206,124.154,123.83853777267421
0.0172206,123.564,123.83853777267421
0.0172206,122.724,123.83853777267421
0.0172206,119.854,123.83853777267421
0.0176631,116.146,123.76595562045775
0.0176631,116.956,123.76595562045775
0.0176631,118.416,123.76595562045775
0.0176631,120.766,123.76595562045775
0.0176631,127.676,123.76595562045775
0.0176631,136.886,123.76595562045775
0.0176631,139.226,123.76595562045775
0.0176631,131.796,123.76595562045775
0.0176631,128.306,123.76595562045775
0.0176631,126.846,123.76595562045775
0.0176631,124.356,123.76595562045775
0.0176631,124.166,123.76595562045775
0.0176631,123.466,123.76595562045775
0.0176631,121.996,123.76595562045775
0.0176631,117.996,123.76595562045775
0.0214178,115.857,123.15008170649801
0.0214178,117.927,123.15008170649801
0.0214178,117.967,123.15008170649801
0.0214178,120.657,123.15008170649801
0.0214178,123.227,123.15008170649801
0.0214178,134.247,123.15008170649801
0.0214178,140.987,123.15008170649801
0.0214178,131.817,123.15008170649801
0.0214178,127.197,123.15008170649801
0.0214178,126.097,123.15008170649801
0.0214178,124.127,123.15008170649801
0.0214178,123.917,123.15008170649801
0.0214178,125.727,123.15008170649801
0.0214178,123.127,123.15008170649801
0.0214178,121.657,123.15008170649801
0.0229028,116.066,122.90650092448342
0.0229028,117.386,122.90650092448342
0.0229028,120.716,122.90650092448342
0.0229028,123.416,122.90650092448342
0.0229028,129.776,122.90650092448342
0.0229028,137.026,122.90650092448342
0.0229028,137.076,122.90650092448342
0.0229028,128.416,122.90650092448342
0.0229028,126.446,122.90650092448342
0.0229028,122.216,122.90650092448342
0.0229028,121.256,122.90650092448342
0.0229028,121.306,122.90650092448342
0.0229028,120.856,122.90650092448342
0.0229028,119.646,122.90650092448342
0.0229028,118.816,122.90650092448342
0.00121072,124.155,126.46459776618252
0.00121072,126.805,126.46459776618252
0.00121072,128.825,126.46459776618252
0.00121072,130.335,126.46459776618252
0.00121072,131.725,126.46459776618252
0.00121072,132.095,126.46459776618252
0.00121072,132.595,126.46459776618252
0.00121072,131.955,126.46459776618252
0.00121072,130.935,126.46459776618252
0.00121072,130.795,126.46459776618252
0.00121072,129.395,126.46459776618252
0.00121072,125.465,126.46459776618252
0.00121072,123.305,126.46459776618252
0.00121072,119.375,126.46459776618252
0.00131983,126.17,126.4467007297343
0.00131983,127.92,126.4467007297343
0.00131983,129.8,126.4467007297343
0.00131983,131.43,126.4467007297343
0.00131983,132.05,126.4467007297343
0.00131983,132.54,126.4467007297343
0.00131983,133.04,126.4467007297343
0.00131983,131.78,126.4467007297343
0.00131983,129.5,126.4467007297343
0.00131983,128.36,126.4467007297343
0.00131983,127.73,126.4467007297343
0.00131983,124.45,126.4467007297343
0.00131983,121.93,126.4467007297343
0.00131983,119.91,126.4467007297343
0.00146332,125.401,126.42316442912065
0.00146332,128.401,126.42316442912065
0.00146332,130.781,126.42316442912065
0.00146332,132.271,126.42316442912065
0.00146332,133.261,126.42316442912065
0.00146332,133.251,126.42316442912065
0.00146332,132.611,126.42316442912065
0.00146332,130.961,126.42316442912065
0.00146332,127.801,126.42316442912065
0.00146332,126.021,126.42316442912065
0.00146332,125.631,126.42316442912065
0.00146332,122.341,126.42316442912065
0.00146332,119.561,126.42316442912065
0.00150092,126.413,126.41699699652553
0.00150092,129.053,126.41699699652553
0.00150092,131.313,126.41699699652553
0.00150092,133.063,126.41699699652553
0.00150092,133.553,126.41699699652553
0.00150092,133.153,126.41699699652553
0.00150092,132.003,126.41699699652553
0.00150092,129.973,126.41699699652553
0.00150092,126.933,126.41699699652553
0.00150092,124.393,126.41699699652553
0.00150092,124.253,126.41699699652553
0.00150092,120.193,126.41699699652553
0.00150092,115.893,126.41699699652553
0.00202822,131.074,126.33050531547752
0.00202822,131.434,126.33050531547752
0.00202822,132.304,126.33050531547752
0.00202822,133.664,126.33050531547752
0.00202822,134.034,126.33050531547752
0.00202822,133.894,126.33050531547752
0.00202822,132.114,126.33050531547752
0.00202822,128.704,126.33050531547752
0.00202822,127.054,126.33050531547752
0.00202822,124.904,126.33050531547752
0.00202822,121.234,126.33050531547752
0.00202822,116.694,126.33050531547752
0.002211,126.599,126.3005243758569
0.002211,129.119,126.3005243758569
0.002211,131.129,126.3005243758569
0.002211,132.769,126.3005243758569
0.002211,133.649,126.3005243758569
0.002211,133.649,126.3005243758569
0.002211,132.889,126.3005243758569
0.002211,130.629,126.3005243758569
0.002211,127.229,126.3005243758569
0.002211,124.839,126.3005243758569
0.002211,123.839,126.3005243758569
0.002211,120.569,126.3005243758569
0.002211,115.659,126.3005243758569
0.00245138,127.251,126.26109545438844
0.00245138,129.991,126.26109545438844
0.00245138,131.971,126.26109545438844
0.00245138,133.211,126.26109545438844
0.00245138,133.071,126.26109545438844
0.00245138,132.301,126.26109545438844
0.00245138,130.791,126.26109545438844
0.00245138,128.401,126.26109545438844
0.00245138,124.881,126.26109545438844
0.00245138,122.371,126.26109545438844
0.00245138,120.851,126.26109545438844
0.00245138,118.091,126.26109545438844
0.00245138,115.321,126.26109545438844
0.00251435,128.952,126.25076664506624
0.00251435,131.362,126.25076664506624
0.00251435,133.012,126.25076664506624
0.00251435,134.022,126.25076664506624
0.00251435,133.402,126.25076664506624
0.00251435,131.642,126.25076664506624
0.00251435,130.392,126.25076664506624
0.00251435,128.252,126.25076664506624
0.00251435,124.852,126.25076664506624
0.00251435,122.082,126.25076664506624
0.00251435,120.702,126.25076664506624
0.00251435,117.432,126.25076664506624
0.00478288,131.448,125.8786654252524
0.00478288,134.478,125.8786654252524
0.00478288,136.758,125.8786654252524
0.00478288,137.658,125.8786654252524
0.00478288,136.678,125.8786654252524
0.00478288,134.568,125.8786654252524
0.00478288,131.458,125.8786654252524
0.00478288,124.458,125.8786654252524
0.0052139,129.343,125.80796630830697
0.0052139,133.023,125.80796630830697
0.0052139,135.953,125.80796630830697
0.0052139,137.233,125.80796630830697
0.0052139,136.883,125.80796630830697
0.0052139,133.653,125.80796630830697
0.0052139,129.653,125.80796630830697
0.0052139,124.273,125.80796630830697
0.00578076,128.295,125.71498570083709
0.00578076,130.955,125.71498570083709
0.00578076,133.355,125.71498570083709
0.00578076,134.625,125.71498570083709
0.00578076,134.515,125.71498570083709
0.00578076,132.395,125.71498570083709
0.00578076,127.375,125.71498570083709
0.00578076,122.235,125.71498570083709
0.00592927,126.266,125.690625982361
0.00592927,128.296,125.690625982361
0.00592927,130.206,125.690625982361
0.00592927,132.116,125.690625982361
0.00592927,132.886,125.690625982361
0.00592927,131.636,125.690625982361
0.00592927,129.256,125.690625982361
0.00592927,124.346,125.690625982361
0.00592927,120.446,125.690625982361
0.0103088,133.503,124.97226278892236
0.0103088,134.533,124.97226278892236
0.0103088,136.583,124.97226278892236
0.0103088,138.123,124.97226278892236
0.0103088,138.523,124.97226278892236
0.0103088,138.423,124.97226278892236
0.0103088,137.813,124.97226278892236
0.0103088,135.433,124.97226278892236
0.0103088,132.793,124.97226278892236
0.0103088,128.763,124.97226278892236
0.0103088,124.233,124.97226278892236
0.0103088,123.623,124.97226278892236
0.0103088,123.263,124.97226278892236
0.0103088,120.243,124.97226278892236
0.0103088,116.723,124.97226278892236
0.0103088,117.253,124.97226278892236
0.0124596,133.42,124.61947252228465
0.0124596,134.34,124.61947252228465
0.0124596,135.38,124.61947252228465
0.0124596,135.54,124.61947252228465
0.0124596,133.79,124.61947252228465
0.0124596,131.92,124.61947252228465
0.0124596,130.94,124.61947252228465
0.0124596,129.58,124.61947252228465
0.0124596,127.71,124.61947252228465
0.0124596,123.82,124.61947252228465
0.0124596,119.04,124.61947252228465
0.0124596,119.19,124.61947252228465
0.0124596,119.35,124.61947252228465
0.0124596,116.22,124.61947252228465
0.0124596,113.08,124.61947252228465
0.0124596,113.11,124.61947252228465
0.0337792,130.588,121.12247262986824
0.0337792,131.568,121.12247262986824
0.0337792,137.068,121.12247262986824
0.0337792,139.428,121.12247262986824
0.0337792,140.158,121.12247262986824
0.0337792,135.368,121.12247262986824
0.0337792,127.318,121.12247262986824
0.0337792,127.928,121.12247262986824
0.0337792,126.648,121.12247262986824
0.0337792,124.748,121.12247262986824
0.0337792,122.218,121.12247262986824
0.0337792,121.318,121.12247262986824
0.0337792,120.798,121.12247262986824
0.0337792,118.018,121.12247262986824
0.0337792,116.108,121.12247262986824
0.0337792,113.958,121.12247262986824
0.0368233,132.304,120.62315663085772
0.0368233,133.294,120.62315663085772
0.0368233,135.674,120.62315663085772
0.0368233,136.414,120.62315663085772
0.0368233,133.774,120.62315663085772
0.0368233,124.244,120.62315663085772
0.0368233,125.114,120.62315663085772
0.0368233,125.484,120.62315663085772
0.0368233,124.214,120.62315663085772
0.0368233,121.824,120.62315663085772
0.0368233,118.564,120.62315663085772
0.0368233,117.054,120.62315663085772
0.0368233,116.914,120.62315663085772
0.0368233,114.404,120.62315663085772
0.0368233,112.014,120.62315663085772
0.0368233,110.124,120.62315663085772
0.0408268,128.545,119.96647268419412
0.0408268,129.675,119.96647268419412
0.0408268,129.415,119.96647268419412
0.0408268,128.265,119.96647268419412
0.0408268,122.205,119.96647268419412
0.0408268,121.315,119.96647268419412
0.0408268,122.315,119.96647268419412
0.0408268,122.435,119.96647268419412
0.0408268,121.165,119.96647268419412
0.0408268,117.875,119.96647268419412
0.0408268,114.085,119.96647268419412
0.0408268,113.315,119.96647268419412
0.0408268,113.055,119.96647268419412
0.0408268,110.905,119.96647268419412
0.0408268,108.625,119.96647268419412
0.0408268,107.985,119.96647268419412
0.0418756,124.987,119.79444068138139
0.0418756,125.857,119.79444068138139
0.0418756,124.717,119.79444068138139
0.0418756,123.207,119.79444068138139
0.0418756,118.667,119.79444068138139
0.0418756,119.287,119.79444068138139
0.0418756,120.037,119.79444068138139
0.0418756,119.777,119.79444068138139
0.0418756,118.767,119.79444068138139
0.0418756,114.477,119.79444068138139
0.0418756,110.447,119.79444068138139
0.0418756,110.317,119.79444068138139
0.0418756,110.307,119.79444068138139
0.0418756,108.407,119.79444068138139
0.0418756,107.147,119.79444068138139
0.0418756,107.267,119.79444068138139
0.0437259,130.898,119.49094066726583
0.0437259,132.158,119.49094066726583
0.0437259,133.808,119.49094066726583
0.0437259,134.058,119.49094066726583
0.0437259,130.638,119.49094066726583
0.0437259,122.288,119.49094066726583
0.0437259,124.188,119.49094066726583
0.0437259,124.438,119.49094066726583
0.0437259,123.178,119.49094066726583
0.0437259,121.528,119.49094066726583
0.0437259,119.888,119.49094066726583
0.0437259,118.998,119.49094066726583
0.0437259,116.468,119.49094066726583
0.0437259,113.298,119.49094066726583
0.0528487,123.514,117.9945509311293
0.0528487,124.644,117.9945509311293
0.0528487,122.754,117.9945509311293
0.0528487,120.484,117.9945509311293
0.0528487,115.304,117.9945509311293
0.0528487,118.084,117.9945509311293
0.0528487,118.964,117.9945509311293
0.0528487,119.224,117.9945509311293
0.0528487,118.214,117.9945509311293
0.0528487,114.554,117.9945509311293
0.0528487,110.894,117.9945509311293
0.0528487,110.264,117.9945509311293
0.0528487,109.254,117.9945509311293
0.0528487,106.604,117.9945509311293
0.0528487,106.224,117.9945509311293
0.0528487,104.204,117.9945509311293
