,cement,blast_furnace_slag,fly_ash,water,superplasticizer,coarse_aggregate,fine_aggregate,age,concrete_compressive_strength
cement,1.0,-0.27519344339469337,-0.3974754395621214,-0.08154361314586796,0.0927713660402516,-0.10935603936014719,-0.22272017251118456,0.08194726384370798,0.49783272227484304
blast_furnace_slag,-0.27519344339469337,1.0,-0.32356946824892,0.10728594305402202,0.04337573608658627,-0.28399823041671474,-0.281593262546014,-0.044245800532207086,0.13482444514334288
fly_ash,-0.3974754395621214,-0.32356946824892,1.0,-0.257043996767208,0.3773395587724204,-0.009976787860816511,0.0790763508676065,-0.15437016471642628,-0.10575334763608252
water,-0.08154361314586796,0.10728594305402202,-0.257043996767208,1.0,-0.65746443675148,-0.18231166840932136,-0.4506349763929071,0.27760442934523716,-0.2896134756904165
superplasticizer,0.0927713660402516,0.04337573608658627,0.3773395587724204,-0.65746443675148,1.0,-0.26630275524248953,0.22250149336447372,-0.1927165176358352,0.3661022976832249
coarse_aggregate,-0.10935603936014719,-0.28399823041671474,-0.009976787860816511,-0.18231166840932136,-0.26630275524248953,1.0,-0.1785057546607854,-0.003015507363305309,-0.16492782105733572
fine_aggregate,-0.22272017251118456,-0.281593262546014,0.0790763508676065,-0.4506349763929071,0.22250149336447372,-0.1785057546607854,1.0,-0.15609404945514643,-0.1672489619816908
age,0.08194726384370798,-0.044245800532207086,-0.15437016471642628,0.27760442934523716,-0.1927165176358352,-0.003015507363305309,-0.15609404945514643,1.0,0.3288769755102854
concrete_compressive_strength,0.49783272227484304,0.13482444514334288,-0.10575334763608252,-0.2896134756904165,0.3661022976832249,-0.16492782105733572,-0.1672489619816908,0.3288769755102854,1.0
