cement,concrete_compressive_strength,yp
540.0,79.98611076,56.4157644668759
540.0,61.887365759999994,56.4157644668759
332.5,40.269535256000005,39.90300300249558
332.5,41.052779992,39.90300300249558
198.6,44.296075096,29.24729813463763
266.0,47.029847436000004,34.61096137656165
380.0,43.698299404,43.68303273530554
380.0,36.447769788,43.68303273530554
266.0,45.854290856,34.61096137656165
475.0,39.28978986,51.24309220092544
198.6,38.074243671999994,29.24729813463763
198.6,28.021683592,29.24729813463763
427.5,43.01296026,47.46306246811549
190.0,42.32693164,28.562913804065726
304.0,47.813781648,37.63498516280961
380.0,52.908319811999995,43.68303273530554
139.6,39.358047983999995,24.55210330862106
342.0,56.141962252,40.65900894905757
380.0,40.563252031999994,43.68303273530554
475.0,42.620648416,51.24309220092544
427.5,41.836714203999996,47.46306246811549
139.6,28.23748958,24.55210330862106
139.6,8.06342182,24.55210330862106
139.6,44.207822168,24.55210330862106
380.0,52.516697443999995,43.68303273530554
380.0,53.300631656,43.68303273530554
380.0,41.15137506,43.68303273530554
342.0,52.1243856,40.65900894905757
427.5,37.427515183999994,47.46306246811549
475.0,38.60376124,51.24309220092544
304.0,55.260122448,37.63498516280961
266.0,52.908319811999995,34.61096137656165
198.6,41.719503284,29.24729813463763
475.0,42.131120456,51.24309220092544
190.0,53.69225402399999,28.562913804065726
237.5,38.407950056000004,32.34294353687568
237.5,30.079769451999997,32.34294353687568
332.5,37.721921436,39.90300300249558
475.0,42.229026048,51.24309220092544
237.5,36.251958603999995,32.34294353687568
342.0,50.45930106,40.65900894905757
427.5,43.698299404,47.46306246811549
237.5,38.995383608,32.34294353687568
380.0,53.104130996,43.68303273530554
427.5,41.542997428,47.46306246811549
427.5,35.076402024,47.46306246811549
349.0,15.049192651999999,41.21606596231378
380.0,40.759063216,43.68303273530554
237.5,26.258003984,32.34294353687568
380.0,32.823194456,43.68303273530554
332.5,39.779317819999996,39.90300300249558
190.0,46.931941843999994,28.562913804065726
237.5,33.116911232,32.34294353687568
304.0,49.185149411999994,37.63498516280961
139.6,14.589312159999999,24.55210330862106
198.6,14.638264955999999,29.24729813463763
475.0,41.934619796,51.24309220092544
198.6,9.131420144,29.24729813463763
304.0,50.94882902,37.63498516280961
332.5,33.019005639999996,39.90300300249558
304.0,54.378282643999995,37.63498516280961
266.0,51.732763231999996,34.61096137656165
310.0,9.86640156,38.1124626027435
190.0,50.655112243999994,28.562913804065726
266.0,48.695621452,34.61096137656165
342.0,55.064311264,40.65900894905757
139.6,44.698039603999995,24.55210330862106
332.5,30.275580636,39.90300300249558
190.0,40.856968808,28.562913804065726
485.0,71.98818916,52.03888793414858
374.0,34.39795764,43.205555295371646
313.3,28.79941252,38.37507519470714
425.0,33.398217439999996,47.264113534809695
425.0,36.3009114,47.264113534809695
375.0,28.99936056,43.28513486869396
475.0,37.79707432,51.24309220092544
469.0,40.1964508,50.76561476099155
425.0,33.398217439999996,47.264113534809695
388.6,28.096147,44.36741706587744
531.3,41.2996124,55.72342217897176
425.0,33.398217439999996,47.264113534809695
318.8,25.2003478,38.81276284797987
401.8,41.09966436,45.417867433732
362.6,35.3011712,42.29834815949726
323.7,28.296095039999997,39.20270275725921
379.5,28.599464479999998,43.64324294864438
362.6,35.3011712,42.29834815949726
286.3,24.40055564,36.22642671500464
362.6,35.3011712,42.29834815949726
439.0,39.300132,48.378227561322106
389.9,40.59634688,44.47087051119645
362.6,35.3011712,42.29834815949726
337.9,24.0971862,40.33273269843608
374.0,46.20178676,43.205555295371646
313.3,42.79577532,38.37507519470714
425.0,49.20100736,47.264113534809695
425.0,46.80163088,47.264113534809695
375.0,45.69846928,43.28513486869396
475.0,55.59934464,51.24309220092544
469.0,54.896079119999996,50.76561476099155
425.0,49.20100736,47.264113534809695
388.6,34.90127512,44.36741706587744
531.3,46.89815752,55.72342217897176
425.0,49.20100736,47.264113534809695
318.8,33.398217439999996,38.81276284797987
401.8,54.09628696,45.417867433732
362.6,55.89581932,42.29834815949726
323.7,49.80085148,39.20270275725921
379.5,47.09810556,43.64324294864438
362.6,55.89581932,42.29834815949726
286.3,37.997022359999995,36.22642671500464
362.6,55.89581932,42.29834815949726
439.0,56.095767359999996,48.378227561322106
389.9,59.09498796,44.47087051119645
362.6,22.89749796,42.29834815949726
337.9,35.101223159999996,40.33273269843608
374.0,61.09446836,43.205555295371646
313.3,59.79825348,38.37507519470714
425.0,60.2946762,47.264113534809695
425.0,61.797733879999996,47.264113534809695
375.0,56.69561148,43.28513486869396
475.0,68.29949256,51.24309220092544
469.0,66.89985628,50.76561476099155
425.0,60.2946762,47.264113534809695
388.6,50.69717028,44.36741706587744
531.3,56.3991368,55.72342217897176
425.0,60.2946762,47.264113534809695
318.8,55.495923239999996,38.81276284797987
401.8,68.4994406,45.417867433732
362.6,71.29871315999999,42.29834815949726
323.7,74.69782984,39.20270275725921
379.5,52.20022796,43.64324294864438
362.6,71.29871315999999,42.29834815949726
286.3,67.69964844,36.22642671500464
362.6,71.29871315999999,42.29834815949726
439.0,65.99664272,48.378227561322106
389.9,74.4978818,44.47087051119645
362.6,71.29871315999999,42.29834815949726
337.9,49.89737812,40.33273269843608
374.0,63.3973182,43.205555295371646
313.3,64.90037588,38.37507519470714
425.0,64.30053176,47.264113534809695
425.0,64.90037588,47.264113534809695
375.0,60.19814956,43.28513486869396
475.0,72.29845336,51.24309220092544
469.0,69.29923276,50.76561476099155
425.0,64.30053176,47.264113534809695
388.6,55.19944856,44.36741706587744
531.3,58.798513279999995,55.72342217897176
425.0,64.30053176,47.264113534809695
318.8,66.10006412,38.81276284797987
401.8,73.69808963999999,45.417867433732
362.6,77.29715436,42.29834815949726
323.7,80.19984832,39.20270275725921
379.5,54.896079119999996,43.64324294864438
362.6,77.29715436,42.29834815949726
286.3,72.99482412,36.22642671500464
362.6,77.29715436,42.29834815949726
439.0,71.69860924,48.378227561322106
389.9,79.40005615999999,44.47087051119645
362.6,77.29715436,42.29834815949726
337.9,59.89478012,40.33273269843608
374.0,64.90037588,43.205555295371646
313.3,66.59648684,38.37507519470714
425.0,65.19685056,47.264113534809695
425.0,66.69990824,47.264113534809695
375.0,62.5009994,43.28513486869396
475.0,74.19451236,51.24309220092544
469.0,70.69886903999999,50.76561476099155
425.0,65.19685056,47.264113534809695
388.6,57.59882504,44.36741706587744
531.3,59.19840936,55.72342217897176
425.0,65.19685056,47.264113534809695
318.8,68.09954452,38.81276284797987
401.8,75.49762199999999,45.417867433732
362.6,79.29663476,42.29834815949726
379.5,56.49566344,43.64324294864438
362.6,79.29663476,42.29834815949726
286.3,76.80073164,36.22642671500464
362.6,79.29663476,42.29834815949726
439.0,73.29819356,48.378227561322106
389.9,82.5992248,44.47087051119645
362.6,79.29663476,42.29834815949726
337.9,67.79617508,40.33273269843608
222.36,11.57630204,31.138108796775832
222.36,24.44881896,31.138108796775832
222.36,24.8900836,31.138108796775832
222.36,29.447519959999997,31.138108796775832
222.36,40.7135578,31.138108796775832
233.81,10.38350856,32.04929491131634
233.81,22.13907436,32.04929491131634
233.81,22.83544512,32.04929491131634
233.81,27.66177712,32.04929491131634
233.81,34.55653712,32.04929491131634
194.68,12.45193656,28.93534620721416
194.68,24.986610239999997,28.93534620721416
194.68,25.72434956,28.93534620721416
194.68,33.963587759999996,28.93534620721416
194.68,37.34202016,28.93534620721416
190.68,15.04436632,28.6170279139249
190.68,21.063491799999998,28.6170279139249
190.68,26.40003604,28.6170279139249
190.68,35.34253976,28.6170279139249
190.68,40.56876784,28.6170279139249
212.07,12.47262084,30.319234987289214
212.07,20.91870184,30.319234987289214
212.07,24.90387312,30.319234987289214
212.07,34.20490436,30.319234987289214
212.07,39.6103962,30.319234987289214
229.97,10.0318758,31.743709349758646
229.97,20.08443588,31.743709349758646
229.97,24.483292759999998,31.743709349758646
229.97,31.53663224,31.743709349758646
229.97,35.34253976,31.743709349758646
190.34,9.4458212,28.589970858995315
190.34,22.718234199999998,28.589970858995315
190.34,28.46846404,28.589970858995315
190.34,38.56239268,28.589970858995315
190.34,40.38950408,28.589970858995315
166.09,10.76272036,26.66016620592918
166.09,25.48303296,26.66016620592918
166.09,21.53923024,26.66016620592918
166.09,28.62704352,26.66016620592918
166.09,33.5430074,26.66016620592918
167.95,7.74971024,26.80818421230868
167.95,17.8229546,26.80818421230868
167.95,24.24197616,26.80818421230868
167.95,32.8535314,26.80818421230868
167.95,39.2311844,26.80818421230868
213.72,17.9953236,30.45054128327103
213.72,30.38520732,30.45054128327103
213.72,45.70536404,30.45054128327103
213.72,50.77301264,30.45054128327103
213.72,53.90323368,30.45054128327103
213.76,13.18278112,30.453724466203923
213.76,17.83674412,30.453724466203923
213.76,40.2309246,30.453724466203923
213.76,47.13257936,30.453724466203923
213.76,49.973220479999995,30.453724466203923
229.68,13.35515012,31.72063127349518
229.68,22.31833812,31.72063127349518
229.68,24.53845084,31.72063127349518
229.68,31.35047372,31.72063127349518
229.68,40.85834776,31.72063127349518
238.05,19.93275116,32.38671230220295
238.05,25.68987576,32.38671230220295
238.05,30.2335226,32.38671230220295
238.05,39.58971192,32.38671230220295
238.05,44.298833,32.38671230220295
250.0,13.817099039999999,33.33768820340461
250.0,24.91766264,33.33768820340461
250.0,29.21999288,33.33768820340461
250.0,38.32797084,33.33768820340461
250.0,42.347615919999996,33.33768820340461
212.52,13.54130864,30.355045795284255
212.52,26.310404159999997,30.355045795284255
212.52,31.640053639999998,30.355045795284255
212.52,42.54756396,30.355045795284255
212.52,42.919881,30.355045795284255
212.57,13.33446584,30.359024773950367
212.57,25.3727168,30.359024773950367
212.57,37.404073,30.359024773950367
212.57,44.395359639999995,30.359024773950367
212.57,47.739318239999996,30.359024773950367
212.0,19.519065559999998,30.31366441715665
212.0,31.35047372,30.31366441715665
212.0,38.500339839999995,30.31366441715665
212.0,45.08483564,30.31366441715665
212.0,47.8151606,30.31366441715665
231.75,15.43736764,31.885360990272368
231.75,26.77235308,31.885360990272368
231.75,33.72916592,31.885360990272368
231.75,42.69924868,31.885360990272368
231.75,45.83636448,31.885360990272368
251.37,17.22311048,33.446712218856185
251.37,29.93015316,33.446712218856185
251.37,29.654362759999998,33.446712218856185
251.37,36.96970312,33.446712218856185
251.37,43.58177796,33.446712218856185
251.37,13.12072828,33.446712218856185
251.37,24.42813468,33.446712218856185
251.37,32.66047812,33.446712218856185
251.37,36.63875464,33.446712218856185
251.37,44.209201119999996,33.446712218856185
181.38,13.62404576,27.87693788202737
181.38,21.601283079999998,27.87693788202737
181.38,27.77209328,27.87693788202737
181.38,35.570066839999996,27.87693788202737
181.38,45.3675208,27.87693788202737
182.04,7.3153403599999995,27.929460400420098
182.04,21.504756439999998,27.929460400420098
182.04,31.2677366,27.929460400420098
182.04,43.49904084,27.929460400420098
182.04,48.67011084,27.929460400420098
168.88,7.3980774799999995,26.882193215498436
168.88,23.5111316,26.882193215498436
168.88,31.11605188,26.882193215498436
168.88,39.14844728,26.882193215498436
168.88,48.15300384,26.882193215498436
290.35,22.50449664,36.54872398696001
290.35,34.67374804,36.54872398696001
290.35,34.73580088,36.54872398696001
290.35,45.08483564,36.54872398696001
290.35,48.97348028,36.54872398696001
277.05,23.13881456,35.49031566177323
277.05,41.885667,35.49031566177323
277.05,48.28400428,35.49031566177323
277.05,51.03501352,35.49031566177323
277.05,55.6407132,35.49031566177323
295.71,22.94576128,36.97527049996762
295.71,35.2322236,36.97527049996762
295.71,39.94134468,36.97527049996762
295.71,48.718374159999996,36.97527049996762
295.71,52.04164848,36.97527049996762
251.81,21.02212324,33.481727231118
251.81,33.35684888,33.481727231118
251.81,33.94290348,33.481727231118
251.81,44.14025352,33.481727231118
251.81,45.3675208,33.481727231118
249.1,15.361525279999999,33.26606658741453
249.1,28.6822016,33.26606658741453
249.1,30.84715624,33.26606658741453
249.1,42.030456959999995,33.26606658741453
249.1,51.0556978,33.26606658741453
252.31,21.78054684,33.52151701777916
252.31,42.29245784,33.52151701777916
252.31,50.60064364,33.52151701777916
252.31,55.82687172,33.52151701777916
252.31,60.949678399999996,33.52151701777916
246.83,23.52492112,33.08542095597288
246.83,42.21661548,33.08542095597288
246.83,52.5035974,33.08542095597288
246.83,60.32225524,33.08542095597288
246.83,66.42411784,33.08542095597288
275.07,23.80071152,35.33274810659504
275.07,38.76923548,35.33274810659504
275.07,51.331488199999995,35.33274810659504
275.07,56.847296199999995,35.33274810659504
275.07,58.60546,35.33274810659504
297.16,21.91154728,37.09066088128498
297.16,36.990387399999996,37.09066088128498
297.16,47.401475,37.09066088128498
297.16,51.95891136,37.09066088128498
297.16,56.7438748,37.09066088128498
213.74,17.57474324,30.45213287473748
213.74,33.72916592,30.45213287473748
213.74,40.14818748,30.45213287473748
213.74,46.6430514,30.45213287473748
213.74,50.07664188,30.45213287473748
213.5,17.36790044,30.433033777140125
213.5,33.70158688,30.433033777140125
213.5,45.939785879999995,30.433033777140125
213.5,51.4349096,30.433033777140125
213.5,59.30183076,30.433033777140125
277.19,30.44726016,35.50145680203835
277.19,47.7117392,35.50145680203835
277.19,63.14221208,35.50145680203835
277.19,66.82401392,35.50145680203835
277.19,66.9481196,35.50145680203835
218.23,27.42046052,30.809445158954674
218.23,35.9561734,30.809445158954674
218.23,55.50971276,30.809445158954674
218.23,61.99078716,30.809445158954674
218.23,63.528318639999995,30.809445158954674
214.9,18.01600788,30.544445179791367
214.9,38.60376124,30.544445179791367
214.9,52.20022796,30.544445179791367
214.9,53.95839176,30.544445179791367
214.9,56.63355864,30.544445179791367
218.85,15.340841,30.858784494414508
218.85,26.04840328,30.858784494414508
218.85,30.219733079999997,30.858784494414508
218.85,37.2661778,30.858784494414508
218.85,46.2293658,30.858784494414508
376.0,16.27852836,43.36471444201628
376.0,25.62092816,43.36471444201628
376.0,31.971002119999998,43.36471444201628
376.0,36.3009114,43.36471444201628
376.0,43.0577762,43.36471444201628
500.0,67.568648,53.23258153398331
475.0,57.226507999999995,51.24309220092544
315.0,81.75116932,38.51036046935507
505.0,64.0178466,53.63047940059488
451.0,78.80021203999999,49.333182441189884
516.0,41.36856,54.505854707140344
520.0,60.280886679999995,54.8241730004296
528.0,56.83350668,55.46080958700812
520.0,51.021224,54.8241730004296
385.0,55.55108132,44.08093060191711
500.1,44.13335876,53.24053949131554
450.1,39.37597436,49.2615608251998
397.0,55.647607959999995,45.03588548178489
333.0,47.27736932,39.94279278915674
334.0,44.32641204,40.022372362479054
405.0,52.30364936,45.6725220683634
200.0,49.249270679999995,29.358709537288874
516.0,41.36856,54.505854707140344
145.0,29.15794004,24.981833004561558
160.0,39.39665864,26.175526604396282
234.0,39.300132,32.064415030247574
250.0,67.86512268,33.33768820340461
475.0,58.522722879999996,51.24309220092544
285.0,53.57917996,36.12297326968563
356.0,58.99846132,41.77312297556998
275.0,76.23536132,35.32717753646248
500.0,69.83702404,53.23258153398331
165.0,14.39625888,26.573424471007854
165.0,19.41564416,26.573424471007854
178.03,20.72564856,27.610346311397617
167.35,14.94094492,26.760436468315294
172.38,21.29101888,27.16072172212654
173.54,23.07676172,27.253034027180423
167.0,15.520104759999999,26.732583617652487
173.81,15.81657944,27.27452051197745
190.34,12.5484632,28.589970858995315
250.0,8.48744956,33.33768820340461
213.5,15.60973664,30.433033777140125
194.68,12.17614616,28.93534620721416
251.37,11.98309288,33.446712218856185
165.0,16.87837248,26.573424471007854
165.0,33.08795324,26.573424471007854
178.03,34.23937816,27.610346311397617
167.35,31.812422639999998,26.760436468315294
172.38,29.7508894,27.16072172212654
173.54,33.00521612,27.253034027180423
167.0,32.90179472,26.732583617652487
173.81,29.55094136,27.27452051197745
190.34,19.41564416,28.589970858995315
250.0,24.65566176,33.33768820340461
213.5,29.592309919999998,30.433033777140125
194.68,24.28334472,28.93534620721416
251.37,20.72564856,33.446712218856185
165.0,26.200088,26.573424471007854
165.0,46.38794528,26.573424471007854
178.03,39.1622368,27.610346311397617
167.35,41.20308576,26.760436468315294
172.38,33.68779736,27.16072172212654
173.54,38.20386516,27.253034027180423
167.0,41.40992856,26.732583617652487
173.81,37.810863839999996,27.27452051197745
190.34,24.84871504,28.589970858995315
250.0,27.22051248,33.33768820340461
213.5,44.63667624,30.433033777140125
194.68,37.2661778,28.93534620721416
251.37,33.27411176,33.446712218856185
165.0,36.56291228,26.573424471007854
165.0,53.72396992,26.573424471007854
178.03,48.587373719999995,27.610346311397617
167.35,51.72448952,26.760436468315294
172.38,35.852751999999995,27.16072172212654
173.54,53.77223324,27.253034027180423
167.0,53.46196904,26.732583617652487
173.81,48.9872698,27.27452051197745
190.34,31.715896,28.589970858995315
250.0,39.64487,33.33768820340461
213.5,51.25564584,30.433033777140125
194.68,43.388724679999996,28.93534620721416
251.37,39.2656582,33.446712218856185
165.0,37.9556538,26.573424471007854
165.0,55.020184799999996,26.573424471007854
178.03,49.99390476,27.610346311397617
167.35,53.65502232,26.760436468315294
172.38,37.6798634,27.16072172212654
173.54,56.061293559999996,27.253034027180423
167.0,56.8128224,26.732583617652487
173.81,50.93848688,27.27452051197745
190.34,33.56369168,28.589970858995315
250.0,41.1617172,33.33768820340461
213.5,52.95865156,30.433033777140125
194.68,44.27814872,28.93534620721416
251.37,40.14818748,33.446712218856185
446.0,57.02655996,48.93528457457831
446.0,44.42293868,48.93528457457831
446.0,51.021224,48.93528457457831
446.0,53.38612668,48.93528457457831
446.0,35.36322404,48.93528457457831
446.0,25.021084039999998,48.93528457457831
446.0,23.34565736,48.93528457457831
446.0,52.00717468,48.93528457457831
446.0,38.01770664,48.93528457457831
446.0,39.300132,48.93528457457831
446.0,61.06688932,48.93528457457831
446.0,56.14403068,48.93528457457831
446.0,55.25460664,48.93528457457831
446.0,54.765078679999995,48.93528457457831
387.0,50.23522136,44.240089748561736
387.0,46.68441996,44.240089748561736
387.0,46.68441996,44.240089748561736
387.0,22.752708,44.240089748561736
387.0,25.510612,44.240089748561736
387.0,34.77027468,44.240089748561736
387.0,36.83870268,44.240089748561736
387.0,45.89841732,44.240089748561736
387.0,41.66503468,44.240089748561736
387.0,56.33708396,44.240089748561736
387.0,47.96684532,44.240089748561736
387.0,61.45989064,44.240089748561736
355.0,44.02993736,41.69354340224766
355.0,55.45455468,41.69354340224766
491.0,55.55108132,52.516365374082476
491.0,57.915983999999995,52.516365374082476
491.0,25.60910856945864,52.516365374082476
491.0,33.488834284729315,52.516365374082476
491.0,59.590425715270676,52.516365374082476
491.0,29.54897143054136,52.516365374082476
491.0,37.92118,52.516365374082476
491.0,61.85584685418796,52.516365374082476
424.0,62.052839999999996,47.18453396148738
424.0,32.01138571527068,47.18453396148738
424.0,72.09850532,47.18453396148738
424.0,39.004642284729314,47.18453396148738
424.0,65.69721314581203,47.18453396148738
424.0,32.109882284729316,47.18453396148738
424.0,40.28509771527068,47.18453396148738
424.0,74.3649114581204,47.18453396148738
202.0,21.96670536,29.5178686839335
202.0,9.84965714581204,29.5178686839335
202.0,15.069975430541358,29.5178686839335
202.0,23.24519085418796,29.5178686839335
284.0,43.733462679999995,36.04339369636332
284.0,13.395533715270679,36.04339369636332
284.0,24.13166,36.04339369636332
284.0,44.520450284729314,36.04339369636332
359.0,62.935369279999996,42.01186169553692
359.0,59.494884039999995,42.01186169553692
359.0,25.11662571527068,42.01186169553692
359.0,23.639177145812038,42.01186169553692
359.0,35.75425543054136,42.01186169553692
359.0,38.610656,42.01186169553692
359.0,68.75060685418796,42.01186169553692
359.0,66.78067543054136,42.01186169553692
436.0,23.84897484,48.13948884135516
289.0,32.068218236,36.44129156297489
289.0,11.654902304,36.44129156297489
393.0,19.199148695999998,44.71756718849563
393.0,48.846616696,44.71756718849563
393.0,39.604880392,44.71756718849563
480.0,43.942373908,51.64099006753701
480.0,34.569637164,51.64099006753701
480.0,54.315540328,51.64099006753701
480.0,24.404692496,51.64099006753701
333.0,15.615941924,39.94279278915674
255.0,21.859147104,33.73558607001619
255.0,10.222171176,33.73558607001619
289.0,14.596896395999998,36.44129156297489
255.0,18.746162964,33.73558607001619
333.0,31.966865263999996,39.94279278915674
333.0,23.404952295999998,39.94279278915674
289.0,25.573354316,36.44129156297489
333.0,41.680203152,39.94279278915674
393.0,27.742445811999996,44.71756718849563
255.0,8.204074924,33.73558607001619
158.8,9.617500724000001,26.080031116409504
239.6,25.422359072,32.51006064085254
238.2,15.691094808,32.398649238201294
181.9,27.935499091999997,27.918319260154973
193.5,32.626693796000005,28.84144231069383
255.5,17.236210524,33.77537585667734
272.8,19.765208492,35.15210247515339
239.6,39.435269296,32.51006064085254
220.8,25.745033839999998,31.013964662393022
397.0,33.082437432,45.03588548178489
382.5,24.065470304,43.881981668611324
210.7,21.819846971999997,30.21021097183764
158.8,21.066249704,26.080031116409504
295.8,14.843728804,36.982432661566634
255.5,32.051670812,33.77537585667734
203.5,11.957582268,29.637238043916973
397.0,25.447869684,45.03588548178489
381.4,22.489328168,43.79444413795677
295.8,25.216895223999998,36.982432661566634
228.0,39.699338604,31.58693759031369
220.8,13.089012384,31.013964662393022
316.1,38.70028788,38.59789800000962
135.7,7.507014687999999,24.24174297266403
238.1,17.576122192,32.39069128086906
339.2,21.179323768,40.43618614375509
135.7,18.19871902,24.24174297266403
193.5,17.200357771999997,28.84144231069383
203.5,22.629981272,29.637238043916973
290.2,21.859147104,36.536787050961664
181.9,12.37264682,27.918319260154973
170.3,25.726417988,26.995196209616125
210.7,37.813621743999995,30.21021097183764
228.0,21.917063088,31.58693759031369
290.2,33.0431373,36.536787050961664
381.4,14.54104884,43.79444413795677
238.2,26.91369566,32.398649238201294
186.2,7.995853172,28.260511425440928
339.2,31.899986092,40.43618614375509
238.1,10.335934715999999,32.39069128086906
252.5,19.765208492,33.5366371367104
382.5,37.437857324,43.881981668611324
252.5,11.483912255999998,33.5366371367104
316.1,24.437787344,38.59789800000962
186.2,17.596806471999997,28.260511425440928
170.3,10.730314988,26.995196209616125
272.8,31.38150014,35.15210247515339
339.0,13.22414968,40.420270229090626
339.0,20.96696516,40.420270229090626
339.0,27.04124872,40.420270229090626
339.0,32.039949719999996,40.420270229090626
339.0,35.17017076,40.420270229090626
339.0,36.44570136,40.420270229090626
339.0,38.89334116,40.420270229090626
236.0,6.467284879999999,32.22357417689221
236.0,12.83804312,32.22357417689221
236.0,18.415903959999998,32.22357417689221
236.0,21.946021079999998,32.22357417689221
236.0,24.104080959999997,32.22357417689221
236.0,25.083136879999998,32.22357417689221
277.0,21.26343984,35.48633668310711
277.0,25.965666159999998,35.48633668310711
277.0,11.36256448,35.48633668310711
277.0,31.25394708,35.48633668310711
277.0,32.32952964,35.48633668310711
277.0,33.70158688,35.48633668310711
254.0,9.307926,33.65600649669387
254.0,26.94472208,33.65600649669387
254.0,27.62730332,33.65600649669387
254.0,29.7853632,33.65600649669387
307.0,34.48758952,37.87372388277655
307.0,36.14922668,37.87372388277655
307.0,12.541568439999999,37.87372388277655
307.0,27.53077668,37.87372388277655
307.0,32.922478999999996,37.87372388277655
236.0,9.99050724,32.22357417689221
200.0,7.8393421199999995,29.358709537288874
200.0,12.24509376,29.358709537288874
225.0,11.169511199999999,31.348198870346742
225.0,17.3403214,31.348198870346742
325.0,17.54026944,39.30615620257822
325.0,30.57136584,39.30615620257822
275.0,14.2032056,35.32717753646248
275.0,24.49708228,35.32717753646248
300.0,15.575262839999999,37.316666869520354
300.0,26.848195439999998,37.316666869520354
375.0,26.0621928,43.28513486869396
375.0,38.21075992,43.28513486869396
400.0,43.69898888,45.27462420175183
400.0,30.143890719999998,45.27462420175183
250.0,12.73462172,33.33768820340461
250.0,20.87043852,33.33768820340461
350.0,20.27748916,41.29564553563609
350.0,34.29453624,41.29564553563609
203.5,19.539060364,29.637238043916973
250.2,47.714497103999996,33.35360411806907
157.0,43.377003588,25.936787884429336
141.3,29.89223198,24.687388583268998
166.8,6.902344236,26.716667702988023
122.6,33.192064116000005,23.199250562141707
183.9,4.9035533120000006,28.077478406799607
102.0,4.565020596,21.559911351702024
102.0,25.460969728000002,21.559911351702024
122.6,24.290928956,23.199250562141707
166.8,33.947729812,26.716667702988023
200.0,11.414275179999999,29.358709537288874
108.3,20.593958644,22.061262663632608
305.3,25.893960655999997,37.73843860812862
108.3,29.231713971999998,22.061262663632608
116.0,31.023662096000002,22.67402537821443
141.3,10.3938507,24.687388583268998
157.0,33.664355176,25.936787884429336
133.0,27.874825204,24.02687812469378
250.2,19.35014394,33.35360411806907
173.0,11.392211948,27.210061057586373
192.0,12.788400847999998,28.722072950710356
192.0,39.321505756,28.722072950710356
153.0,4.782205536,25.618469591140077
288.0,16.10960674,36.36171198965258
305.3,43.377003588,37.73843860812862
236.0,20.416073836,32.22357417689221
173.0,6.940954892,27.210061057586373
212.0,15.030576799999999,30.31366441715665
236.0,13.565440299999999,32.22357417689221
183.9,32.53292506,28.077478406799607
166.8,15.748321315999998,26.716667702988023
102.0,7.675936308,21.559911351702024
288.0,38.804398756000005,36.36171198965258
212.0,33.003837168,30.31366441715665
102.0,17.275510655999998,21.559911351702024
173.0,24.281965768,27.210061057586373
183.9,24.046164976,28.077478406799607
133.0,36.588422892,24.02687812469378
192.0,50.732333556,28.722072950710356
133.0,13.664035367999999,24.02687812469378
305.3,14.143910664,37.73843860812862
236.0,47.782065751999994,32.22357417689221
108.3,2.331807832,22.061262663632608
157.0,16.889404096,25.936787884429336
288.0,23.523542168,36.36171198965258
212.0,6.8085755,30.31366441715665
212.0,39.700028079999996,30.31366441715665
153.0,17.96429718,25.618469591140077
236.0,32.88455782,32.22357417689221
116.0,22.347985588,22.67402537821443
183.9,10.787541496,28.077478406799607
108.3,7.723510152,22.061262663632608
203.5,41.684340008,29.637238043916973
203.5,9.561653168,29.637238043916973
133.0,6.883728383999999,24.02687812469378
288.0,50.526869708,36.36171198965258
200.0,17.165883972,29.358709537288874
200.0,30.439675923999996,29.358709537288874
250.2,9.731264264,33.35360411806907
122.6,3.31982694,23.199250562141707
153.0,26.322814728,25.618469591140077
200.0,43.25082948,29.358709537288874
116.0,6.280436883999999,22.67402537821443
173.0,32.102692036,27.210061057586373
250.2,36.964187312,33.35360411806907
305.3,54.598914963999995,37.73843860812862
192.0,21.48062478,28.722072950710356
157.0,9.694722036,25.936787884429336
153.0,8.374375495999999,25.618469591140077
141.3,39.6621069,24.687388583268998
116.0,10.089791784,22.67402537821443
141.3,4.827710952,24.687388583268998
122.6,10.354550567999999,23.199250562141707
166.8,43.565230536,26.716667702988023
203.5,51.863763672,29.637238043916973
310.0,11.85209244,38.1124626027435
310.0,17.24379476,38.1124626027435
310.0,27.827251359999998,38.1124626027435
310.0,35.763120119999996,38.1124626027435
310.0,38.70028788,38.1124626027435
331.0,14.306626999999999,39.78363364251211
331.0,17.43684804,39.78363364251211
331.0,31.74347504,39.78363364251211
331.0,37.91428524,39.78363364251211
331.0,39.382869119999995,39.78363364251211
349.0,15.87173752,41.21606596231378
349.0,9.011451319999999,41.21606596231378
349.0,33.60506024,41.21606596231378
349.0,40.65839972,41.21606596231378
349.0,40.85834776,41.21606596231378
238.0,12.052040479999999,32.38273332353683
238.0,17.54026944,32.38273332353683
296.0,18.91232668,36.998348576231095
296.0,25.17966352,36.998348576231095
297.0,30.9574724,37.07792814955341
480.0,43.892042159999995,51.64099006753701
480.0,54.27555072,51.64099006753701
397.0,36.93522932,45.03588548178489
281.0,14.49968028,35.80465497639637
281.0,22.435549039999998,35.80465497639637
500.0,12.63809508,53.23258153398331
500.0,26.0621928,53.23258153398331
500.0,33.21205892,53.23258153398331
500.0,36.93522932,53.23258153398331
500.0,44.0919902,53.23258153398331
540.0,52.61391356,56.4157644668759
540.0,59.76377968,56.4157644668759
540.0,67.30664712,56.4157644668759
540.0,69.65776027999999,56.4157644668759
540.0,71.62276688,56.4157644668759
540.0,74.16693332,56.4157644668759
350.0,18.12632404,41.29564553563609
350.0,22.53207568,41.29564553563609
350.0,27.337723399999998,41.29564553563609
350.0,29.97841648,41.29564553563609
350.0,31.35047372,41.29564553563609
350.0,32.72253096,41.29564553563609
385.0,6.26733684,44.08093060191711
385.0,14.699628319999999,44.08093060191711
385.0,23.221551679999997,44.08093060191711
385.0,27.923778,44.08093060191711
385.0,31.35047372,44.08093060191711
331.0,38.99676256,39.78363364251211
331.0,41.244454319999996,39.78363364251211
349.0,14.98920824,41.21606596231378
331.0,13.52062436,39.78363364251211
382.0,24.00065956,43.842191881950164
382.0,37.42475728,43.842191881950164
382.0,11.46598588,43.842191881950164
281.0,22.435549039999998,35.80465497639637
339.0,21.160018439999998,40.420270229090626
339.0,31.84000168,40.420270229090626
295.0,14.796154959999999,36.918769002908775
295.0,25.17966352,36.918769002908775
238.0,17.54026944,32.38273332353683
296.0,14.2032056,36.998348576231095
296.0,21.6495464,36.998348576231095
296.0,29.39236188,36.998348576231095
331.0,13.52062436,39.78363364251211
331.0,16.26473884,39.78363364251211
331.0,31.44700036,39.78363364251211
331.0,37.231704,39.78363364251211
349.0,18.12632404,41.21606596231378
349.0,32.72253096,41.21606596231378
349.0,39.48629052,41.21606596231378
349.0,41.05140104,41.21606596231378
349.0,42.126983599999996,41.21606596231378
302.0,18.12632404,37.47582601616498
302.0,26.74477404,37.47582601616498
525.0,61.921839559999995,55.222070867041175
500.0,47.22221124,53.23258153398331
500.0,51.04190828,53.23258153398331
500.0,55.15808,53.23258153398331
540.0,41.63745564,56.4157644668759
252.0,13.71367764,33.496847350049244
252.0,19.691434559999998,33.496847350049244
339.0,31.6469484,40.420270229090626
393.0,19.10537996,44.71756718849563
393.0,39.58281716,44.71756718849563
393.0,48.79421652,44.71756718849563
382.0,24.00065956,43.842191881950164
382.0,37.42475728,43.842191881950164
252.0,11.46598588,33.496847350049244
252.0,19.691434559999998,33.496847350049244
310.0,14.98920824,38.1124626027435
310.0,27.923778,38.1124626027435
310.0,34.6806428,38.1124626027435
310.0,37.32823064,38.1124626027435
310.0,38.11423328,38.1124626027435
525.0,33.79811352,55.222070867041175
525.0,42.42345828,55.222070867041175
525.0,48.401215199999996,55.222070867041175
525.0,55.94408264,55.222070867041175
525.0,58.78472376,55.222070867041175
525.0,67.11359384,55.222070867041175
322.0,20.77391188,39.067417482611276
322.0,25.17966352,39.067417482611276
322.0,29.58541516,39.067417482611276
302.0,21.7529678,37.47582601616498
397.0,39.0932892,45.03588548178489
480.0,24.39366088,51.64099006753701
522.0,50.511011759999995,54.98333214707423
522.0,74.98740975999999,54.98333214707423
273.0,37.16965116,35.16801838981785
162.0,33.75674496,26.33468575104091
154.0,16.49916068,25.698049164462393
147.0,19.98790924,25.14099215120619
152.0,36.34917472,25.538890017817764
310.0,33.68779736,38.1124626027435
144.0,15.41668336,24.902253431239245
304.0,33.41890172,37.63498516280961
374.0,39.05192064,43.205555295371646
159.0,27.67556664,26.09594703107397
153.0,26.8550902,25.618469591140077
310.0,45.2985732,38.1124626027435
305.0,30.12320644,37.714564736131926
151.0,15.568368079999999,25.45931044449545
142.0,44.6090972,24.743094284594616
298.0,53.52402188,37.15750772287572
321.0,57.21271848,38.98783790928896
366.0,65.90701084,42.56891870879313
280.0,52.82075636,35.72507540307406
252.0,33.398217439999996,33.496847350049244
165.0,18.0297974,26.573424471007854
156.0,37.36270444,25.857208311107023
160.0,32.83974188,26.175526604396282
298.0,42.63719584,37.15750772287572
318.0,40.0585556,38.74909918932202
287.0,41.940825079999996,36.282132416330256
326.0,61.232363559999996,39.385735775900535
356.0,40.865242519999995,41.77312297556998
132.0,33.301690799999996,23.947298551371468
322.0,52.42086028,39.067417482611276
164.0,15.08573488,26.49384489768554
314.0,38.45897128,38.43078089603276
321.0,37.25928304,38.98783790928896
140.0,35.225328839999996,24.583935137949986
288.0,42.13387836,36.36171198965258
298.0,31.874475479999997,37.15750772287572
265.0,41.540929,34.531381803239334
160.0,39.45181672,26.175526604396282
166.0,37.91428524,26.65300404433017
276.0,44.27814872,35.4067571097848
322.0,31.17810472,39.067417482611276
149.0,23.69039536,25.300151297850817
159.0,32.763899519999995,26.09594703107397
261.0,32.39847724,34.213063509950075
237.0,28.62704352,32.30315375021452
313.0,36.80422888,38.351201322710445
155.0,18.28490352,25.77762873778471
146.0,33.0603742,25.061412577883875
296.0,31.419421319999998,36.998348576231095
133.0,31.026419999999998,24.02687812469378
313.0,44.38846488,38.351201322710445
152.0,12.17614616,25.538890017817764
153.0,25.55887532,25.618469591140077
140.0,36.4388066,24.583935137949986
149.0,32.956952799999996,25.300151297850817
300.0,23.83518532,37.316666869520354
153.0,26.22766704,25.618469591140077
148.0,17.95395504,25.220571724528504
326.0,40.679083999999996,39.385735775900535
153.0,19.00885332,25.618469591140077
262.0,33.7153764,34.29264308327239
158.0,8.53571288,26.016367457751652
151.0,13.45857152,25.45931044449545
273.0,32.23989776,35.16801838981785
149.0,23.51802636,25.300151297850817
143.0,29.72331036,24.822673857916932
260.0,49.77327244,34.13348393662776
313.0,52.44154456,38.351201322710445
284.0,40.93419012,36.04339369636332
336.0,44.86420332,40.18153150912369
145.0,13.19657064,24.981833004561558
150.0,37.431652039999996,25.379730871173134
144.0,29.86810032,24.902253431239245
331.0,56.61287436,39.78363364251211
155.0,12.45883132,25.77762873778471
155.0,23.786922,25.77762873778471
135.0,13.29309728,24.186037271338414
266.0,39.417342919999996,34.61096137656165
314.0,46.2293658,38.43078089603276
313.0,44.51946532,38.351201322710445
146.0,23.73865868,25.061412577883875
144.0,26.14492992,24.902253431239245
148.0,15.520104759999999,25.220571724528504
277.0,43.5748832,35.48633668310711
298.0,35.85964676,37.15750772287572
313.0,41.05140104,38.351201322710445
155.0,28.98557104,25.77762873778471
289.0,46.24315532,36.44129156297489
148.0,26.91714304,25.220571724528504
145.0,10.53519328,24.981833004561558
313.0,25.0969264,38.351201322710445
136.0,29.06830816,24.265616844660727
155.0,9.735401119999999,25.77762873778471
255.0,33.79811352,33.73558607001619
162.0,39.84481804,26.33468575104091
136.0,26.96540636,24.265616844660727
164.0,27.234302,26.49384489768554
162.0,30.647208199999998,26.33468575104091
157.0,33.05347944,25.936787884429336
149.0,24.579819399999998,25.300151297850817
135.0,21.91154728,24.186037271338414
159.0,30.881630039999997,26.09594703107397
144.0,15.340841,24.902253431239245
154.0,24.3385028,25.698049164462393
167.0,23.8903434,26.732583617652487
184.0,22.93197176,28.085436364131837
156.0,29.41304616,25.857208311107023
236.9,28.629801423999997,32.29519579288229
313.3,36.804918356,38.37507519470714
154.8,18.287661424,25.761712823120245
145.9,32.720462532,25.053454620551644
296.0,31.420110796000003,36.998348576231095
133.1,28.937997196,24.03483608202601
313.3,40.925226931999994,38.37507519470714
151.6,12.180972492,25.507058188488838
153.1,25.559564796,25.626427548472307
139.9,36.443632932,24.575977180617755
149.5,32.96384756,25.339941084511977
299.8,23.835874796,37.30075095485589
153.1,26.233182848000002,25.626427548472307
148.1,17.959470848000002,25.228529681860735
326.5,38.630650804,39.425525562561695
152.7,19.009542795999998,25.594595719143385
261.9,33.71882378,34.28468512594016
158.4,8.536402356,26.04819928708058
150.7,13.461329424,25.43543657249875
272.6,32.245413568000004,35.13618656048893
149.0,23.524231644,25.300151297850817
143.0,29.726068263999995,24.822673857916932
259.9,49.77327244,34.125525979295524
312.9,52.446370892,38.343243365378214
284.0,40.934879596,36.04339369636332
336.5,44.868340176000004,40.22132129578484
144.8,13.202086448,24.965917089897097
150.0,37.431652039999996,25.379730871173134
143.7,29.870858223999996,24.87837955924255
330.5,56.619079643999996,39.743843855850955
154.8,12.459520796,25.761712823120245
154.8,23.786922,25.761712823120245
134.7,13.293786756,24.162163399341715
266.2,39.421479776,34.62687729122611
314.0,46.234192132,38.43078089603276
312.7,44.523602176000004,38.327327450713746
145.7,23.744174488,25.03753870588718
143.8,26.147687824,24.886337516574784
148.1,15.526310044,25.228529681860735
277.0,43.57833058,35.48633668310711
298.1,35.86585204399999,37.16546568020796
313.3,41.053469468,38.37507519470714
155.2,28.991086848000002,25.79354465244917
289.0,46.247292176,36.44129156297489
147.8,26.922658848,25.204655809864043
145.4,10.535882756,25.013664833890488
312.7,25.10382116,38.327327450713746
136.4,29.073134491999998,24.297448673989653
154.8,9.738159024,25.761712823120245
255.3,33.798802996,33.75945994201288
272.8,37.171030112,35.15210247515339
162.0,33.762260768,26.33468575104091
153.6,16.503987012,25.666217335133467
146.5,19.98790924,25.10120236454503
151.8,36.349864196,25.522974103153302
309.9,38.215586251999994,38.10450464541127
143.6,15.42357812,24.87042160191032
303.6,33.419591196,37.603153333480684
374.3,39.056057496,43.229429167368345
158.6,27.681082448,26.06411520174504
152.6,26.859916531999996,25.586637761811154
310.0,45.304778483999996,38.1124626027435
304.8,30.12320644,37.698648821467465
150.9,15.569747031999999,25.45135248716322
141.9,44.61185510399999,24.735136327262385
297.8,53.524711356,37.14159180821126
321.3,57.21823428799999,39.011711781285655
366.0,65.909079268,42.56891870879313
279.8,52.826961643999994,35.7091594884096
252.1,33.399596392,33.504805307381474
164.6,18.033934256,26.54159264167893
155.6,37.363393916,25.825376481778097
160.2,35.314271244,26.191442519060743
298.1,42.6440906,37.16546568020796
317.9,40.062002979999995,38.741141231989786
287.3,43.798273423999994,36.306006288326955
325.6,61.23581094,39.35390394657161
355.9,40.8686899,41.765165018237745
132.0,33.306517131999996,23.947298551371468
322.5,52.426376088,39.107207269272436
164.2,15.091250688,26.509760812350002
313.8,38.461039708,38.4148649813683
321.4,37.265488323999996,39.019669738617885
139.7,35.225328839999996,24.56006126595329
288.4,42.14008364399999,36.3935438189815
298.2,31.875164956000003,37.17342363754018
264.5,41.542307951999994,34.491592016578174
159.8,39.455953576,26.15961068973182
166.0,37.917043144,26.65300404433017
276.4,44.284354003999994,35.43858893911372
322.2,31.178794196000002,39.08333339727574
148.5,23.696600644,25.26036151118966
159.1,32.768036376000005,26.1039049884062
260.9,32.401235144,34.205105552617844
