superplasticizer,concrete_compressive_strength,yp
2.5,79.98611076,32.02638754052702
2.5,61.887365759999994,32.02638754052702
0.0,40.269535256000005,29.466750778636797
0.0,41.052779992,29.466750778636797
0.0,44.296075096,29.466750778636797
0.0,47.029847436000004,29.466750778636797
0.0,43.698299404,29.466750778636797
0.0,36.447769788,29.466750778636797
0.0,45.854290856,29.466750778636797
0.0,39.28978986,29.466750778636797
0.0,38.074243671999994,29.466750778636797
0.0,28.021683592,29.466750778636797
0.0,43.01296026,29.466750778636797
0.0,42.32693164,29.466750778636797
0.0,47.813781648,29.466750778636797
0.0,52.908319811999995,29.466750778636797
0.0,39.358047983999995,29.466750778636797
0.0,56.141962252,29.466750778636797
0.0,40.563252031999994,29.466750778636797
0.0,42.620648416,29.466750778636797
0.0,41.836714203999996,29.466750778636797
0.0,28.23748958,29.466750778636797
0.0,8.06342182,29.466750778636797
0.0,44.207822168,29.466750778636797
0.0,52.516697443999995,29.466750778636797
0.0,53.300631656,29.466750778636797
0.0,41.15137506,29.466750778636797
0.0,52.1243856,29.466750778636797
0.0,37.427515183999994,29.466750778636797
0.0,38.60376124,29.466750778636797
0.0,55.260122448,29.466750778636797
0.0,52.908319811999995,29.466750778636797
0.0,41.719503284,29.466750778636797
0.0,42.131120456,29.466750778636797
0.0,53.69225402399999,29.466750778636797
0.0,38.407950056000004,29.466750778636797
0.0,30.079769451999997,29.466750778636797
0.0,37.721921436,29.466750778636797
0.0,42.229026048,29.466750778636797
0.0,36.251958603999995,29.466750778636797
0.0,50.45930106,29.466750778636797
0.0,43.698299404,29.466750778636797
0.0,38.995383608,29.466750778636797
0.0,53.104130996,29.466750778636797
0.0,41.542997428,29.466750778636797
0.0,35.076402024,29.466750778636797
0.0,15.049192651999999,29.466750778636797
0.0,40.759063216,29.466750778636797
0.0,26.258003984,29.466750778636797
0.0,32.823194456,29.466750778636797
0.0,39.779317819999996,29.466750778636797
0.0,46.931941843999994,29.466750778636797
0.0,33.116911232,29.466750778636797
0.0,49.185149411999994,29.466750778636797
0.0,14.589312159999999,29.466750778636797
0.0,14.638264955999999,29.466750778636797
0.0,41.934619796,29.466750778636797
0.0,9.131420144,29.466750778636797
0.0,50.94882902,29.466750778636797
0.0,33.019005639999996,29.466750778636797
0.0,54.378282643999995,29.466750778636797
0.0,51.732763231999996,29.466750778636797
0.0,9.86640156,29.466750778636797
0.0,50.655112243999994,29.466750778636797
0.0,48.695621452,29.466750778636797
0.0,55.064311264,29.466750778636797
0.0,44.698039603999995,29.466750778636797
0.0,30.275580636,29.466750778636797
0.0,40.856968808,29.466750778636797
0.0,71.98818916,29.466750778636797
10.1,34.39795764,39.807683296673304
8.6,28.79941252,38.27190123953917
16.5,33.398217439999996,46.36035340711227
18.6,36.3009114,48.51044828710006
23.4,28.99936056,53.42495086992929
8.9,37.79707432,38.57905765096599
32.2,40.1964508,62.43487227178288
16.5,33.398217439999996,46.36035340711227
12.1,28.096147,41.855392706185484
28.2,41.2996124,58.33945345275852
16.5,33.398217439999996,46.36035340711227
14.3,25.2003478,44.10787305664888
11.4,41.09966436,41.13869441285622
11.6,35.3011712,41.34346535380743
10.3,28.296095039999997,40.01245423762452
15.9,28.599464479999998,45.74604058425862
11.6,35.3011712,41.34346535380743
11.2,24.40055564,40.933923471905
11.6,35.3011712,41.34346535380743
11.1,39.300132,40.831538001429394
22.0,40.59634688,51.991554283270766
11.6,35.3011712,41.34346535380743
9.5,24.0971862,39.19337047381965
10.1,46.20178676,39.807683296673304
8.6,42.79577532,38.27190123953917
16.5,49.20100736,46.36035340711227
18.6,46.80163088,48.51044828710006
23.4,45.69846928,53.42495086992929
8.9,55.59934464,38.57905765096599
32.2,54.896079119999996,62.43487227178288
16.5,49.20100736,46.36035340711227
12.1,34.90127512,41.855392706185484
28.2,46.89815752,58.33945345275852
16.5,49.20100736,46.36035340711227
14.3,33.398217439999996,44.10787305664888
11.4,54.09628696,41.13869441285622
11.6,55.89581932,41.34346535380743
10.3,49.80085148,40.01245423762452
15.9,47.09810556,45.74604058425862
11.6,55.89581932,41.34346535380743
11.2,37.997022359999995,40.933923471905
11.6,55.89581932,41.34346535380743
11.1,56.095767359999996,40.831538001429394
22.0,59.09498796,51.991554283270766
11.6,22.89749796,41.34346535380743
9.5,35.101223159999996,39.19337047381965
10.1,61.09446836,39.807683296673304
8.6,59.79825348,38.27190123953917
16.5,60.2946762,46.36035340711227
18.6,61.797733879999996,48.51044828710006
23.4,56.69561148,53.42495086992929
8.9,68.29949256,38.57905765096599
32.2,66.89985628,62.43487227178288
16.5,60.2946762,46.36035340711227
12.1,50.69717028,41.855392706185484
28.2,56.3991368,58.33945345275852
16.5,60.2946762,46.36035340711227
14.3,55.495923239999996,44.10787305664888
11.4,68.4994406,41.13869441285622
11.6,71.29871315999999,41.34346535380743
10.3,74.69782984,40.01245423762452
15.9,52.20022796,45.74604058425862
11.6,71.29871315999999,41.34346535380743
11.2,67.69964844,40.933923471905
11.6,71.29871315999999,41.34346535380743
11.1,65.99664272,40.831538001429394
22.0,74.4978818,51.991554283270766
11.6,71.29871315999999,41.34346535380743
9.5,49.89737812,39.19337047381965
10.1,63.3973182,39.807683296673304
8.6,64.90037588,38.27190123953917
16.5,64.30053176,46.36035340711227
18.6,64.90037588,48.51044828710006
23.4,60.19814956,53.42495086992929
8.9,72.29845336,38.57905765096599
32.2,69.29923276,62.43487227178288
16.5,64.30053176,46.36035340711227
12.1,55.19944856,41.855392706185484
28.2,58.798513279999995,58.33945345275852
16.5,64.30053176,46.36035340711227
14.3,66.10006412,44.10787305664888
11.4,73.69808963999999,41.13869441285622
11.6,77.29715436,41.34346535380743
10.3,80.19984832,40.01245423762452
15.9,54.896079119999996,45.74604058425862
11.6,77.29715436,41.34346535380743
11.2,72.99482412,40.933923471905
11.6,77.29715436,41.34346535380743
11.1,71.69860924,40.831538001429394
22.0,79.40005615999999,51.991554283270766
11.6,77.29715436,41.34346535380743
9.5,59.89478012,39.19337047381965
10.1,64.90037588,39.807683296673304
8.6,66.59648684,38.27190123953917
16.5,65.19685056,46.36035340711227
18.6,66.69990824,48.51044828710006
23.4,62.5009994,53.42495086992929
8.9,74.19451236,38.57905765096599
32.2,70.69886903999999,62.43487227178288
16.5,65.19685056,46.36035340711227
12.1,57.59882504,41.855392706185484
28.2,59.19840936,58.33945345275852
16.5,65.19685056,46.36035340711227
14.3,68.09954452,44.10787305664888
11.4,75.49762199999999,41.13869441285622
11.6,79.29663476,41.34346535380743
15.9,56.49566344,45.74604058425862
11.6,79.29663476,41.34346535380743
11.2,76.80073164,40.933923471905
11.6,79.29663476,41.34346535380743
11.1,73.29819356,40.831538001429394
22.0,82.5992248,51.991554283270766
11.6,79.29663476,41.34346535380743
9.5,67.79617508,39.19337047381965
4.46,11.57630204,34.03314276184896
4.46,24.44881896,34.03314276184896
4.46,24.8900836,34.03314276184896
4.46,29.447519959999997,34.03314276184896
4.46,40.7135578,34.03314276184896
4.567,10.38350856,34.14269521525786
4.567,22.13907436,34.14269521525786
4.567,22.83544512,34.14269521525786
4.567,27.66177712,34.14269521525786
4.567,34.55653712,34.14269521525786
7.48,12.45193656,37.12518397021235
7.48,24.986610239999997,37.12518397021235
7.48,25.72434956,37.12518397021235
7.48,33.963587759999996,37.12518397021235
7.48,37.34202016,37.12518397021235
7.77,15.04436632,37.422101834591615
7.77,21.063491799999998,37.422101834591615
7.77,26.40003604,37.422101834591615
7.77,35.34253976,37.422101834591615
7.77,40.56876784,37.422101834591615
5.69,12.47262084,35.292484048698945
5.69,20.91870184,35.292484048698945
5.69,24.90387312,35.292484048698945
5.69,34.20490436,35.292484048698945
5.69,39.6103962,35.292484048698945
4.63,10.0318758,34.20719806165749
4.63,20.08443588,34.20719806165749
4.63,24.483292759999998,34.20719806165749
4.63,31.53663224,34.20719806165749
4.63,35.34253976,34.20719806165749
9.88,9.4458212,39.58243526162696
9.88,22.718234199999998,39.58243526162696
9.88,28.46846404,39.58243526162696
9.88,38.56239268,39.58243526162696
9.88,40.38950408,39.58243526162696
4.49,10.76272036,34.06385840299164
4.49,25.48303296,34.06385840299164
4.49,21.53923024,34.06385840299164
4.49,28.62704352,34.06385840299164
4.49,33.5430074,34.06385840299164
5.72,7.74971024,35.32319968984163
5.72,17.8229546,35.32319968984163
5.72,24.24197616,35.32319968984163
5.72,32.8535314,35.32319968984163
5.72,39.2311844,35.32319968984163
6.86,17.9953236,36.49039405326357
6.86,30.38520732,36.49039405326357
6.86,45.70536404,36.49039405326357
6.86,50.77301264,36.49039405326357
6.86,53.90323368,36.49039405326357
6.65,13.18278112,36.275384565264794
6.65,17.83674412,36.275384565264794
6.65,40.2309246,36.275384565264794
6.65,47.13257936,36.275384565264794
6.65,49.973220479999995,36.275384565264794
6.13,13.35515012,35.74298011879163
6.13,22.31833812,35.74298011879163
6.13,24.53845084,35.74298011879163
6.13,31.35047372,35.74298011879163
6.13,40.85834776,35.74298011879163
7.0,19.93275116,36.63373371192942
7.0,25.68987576,36.63373371192942
7.0,30.2335226,36.63373371192942
7.0,39.58971192,36.63373371192942
7.0,44.298833,36.63373371192942
5.53,13.817099039999999,35.12866729593797
5.53,24.91766264,35.12866729593797
5.53,29.21999288,35.12866729593797
5.53,38.32797084,35.12866729593797
5.53,42.347615919999996,35.12866729593797
8.71,13.54130864,38.384525257062336
8.71,26.310404159999997,38.384525257062336
8.71,31.640053639999998,38.384525257062336
8.71,42.54756396,38.384525257062336
8.71,42.919881,38.384525257062336
10.37,13.33446584,40.08412406695744
10.37,25.3727168,40.08412406695744
10.37,37.404073,40.08412406695744
10.37,44.395359639999995,40.08412406695744
10.37,47.739318239999996,40.08412406695744
7.84,19.519065559999998,37.49377166392454
7.84,31.35047372,37.49377166392454
7.84,38.500339839999995,37.49377166392454
7.84,45.08483564,37.49377166392454
7.84,47.8151606,37.49377166392454
6.72,15.43736764,36.34705439459772
6.72,26.77235308,36.34705439459772
6.72,33.72916592,36.34705439459772
6.72,42.69924868,36.34705439459772
6.72,45.83636448,36.34705439459772
5.75,17.22311048,35.353915330984314
5.75,29.93015316,35.353915330984314
5.75,29.654362759999998,35.353915330984314
5.75,36.96970312,35.353915330984314
5.75,43.58177796,35.353915330984314
6.35,13.12072828,35.96822815383796
6.35,24.42813468,35.96822815383796
6.35,32.66047812,35.96822815383796
6.35,36.63875464,35.96822815383796
6.35,44.209201119999996,35.96822815383796
7.56,13.62404576,37.20709234659283
7.56,21.601283079999998,37.20709234659283
7.56,27.77209328,37.20709234659283
7.56,35.570066839999996,37.20709234659283
7.56,45.3675208,37.20709234659283
8.19,7.3153403599999995,37.85212081058917
8.19,21.504756439999998,37.85212081058917
8.19,31.2677366,37.85212081058917
8.19,43.49904084,37.85212081058917
8.19,48.67011084,37.85212081058917
10.83,7.3980774799999995,40.55509723114525
10.83,23.5111316,40.55509723114525
10.83,31.11605188,40.55509723114525
10.83,39.14844728,40.55509723114525
10.83,48.15300384,40.55509723114525
9.41,22.50449664,39.1012235503916
9.41,34.67374804,39.1012235503916
9.41,34.73580088,39.1012235503916
9.41,45.08483564,39.1012235503916
9.41,48.97348028,39.1012235503916
11.83,23.13881456,41.57895193590134
11.83,41.885667,41.57895193590134
11.83,48.28400428,41.57895193590134
11.83,51.03501352,41.57895193590134
11.83,55.6407132,41.57895193590134
8.87,22.94576128,38.54834200982331
8.87,35.2322236,38.54834200982331
8.87,39.94134468,38.54834200982331
8.87,48.718374159999996,38.54834200982331
8.87,52.04164848,38.54834200982331
12.35,21.02212324,42.1113563823745
12.35,33.35684888,42.1113563823745
12.35,33.94290348,42.1113563823745
12.35,44.14025352,42.1113563823745
12.35,45.3675208,42.1113563823745
12.8,15.361525279999999,42.57209099951474
12.8,28.6822016,42.57209099951474
12.8,30.84715624,42.57209099951474
12.8,42.030456959999995,42.57209099951474
12.8,51.0556978,42.57209099951474
14.17,21.78054684,43.97477194503058
14.17,42.29245784,43.97477194503058
14.17,50.60064364,43.97477194503058
14.17,55.82687172,43.97477194503058
14.17,60.949678399999996,43.97477194503058
11.99,23.52492112,41.74276868866231
11.99,42.21661548,41.74276868866231
11.99,52.5035974,41.74276868866231
11.99,60.32225524,41.74276868866231
11.99,66.42411784,41.74276868866231
9.9,23.80071152,39.60291235572208
9.9,38.76923548,39.60291235572208
9.9,51.331488199999995,39.60291235572208
9.9,56.847296199999995,39.60291235572208
9.9,58.60546,39.60291235572208
9.52,21.91154728,39.21384756791477
9.52,36.990387399999996,39.21384756791477
9.52,47.401475,39.21384756791477
9.52,51.95891136,39.21384756791477
9.52,56.7438748,39.21384756791477
10.16,17.57474324,39.869114578958666
10.16,33.72916592,39.869114578958666
10.16,40.14818748,39.869114578958666
10.16,46.6430514,39.869114578958666
10.16,50.07664188,39.869114578958666
11.66,17.36790044,41.4048966360928
11.66,33.70158688,41.4048966360928
11.66,45.939785879999995,41.4048966360928
11.66,51.4349096,41.4048966360928
11.66,59.30183076,41.4048966360928
11.19,30.44726016,40.92368492485744
11.19,47.7117392,40.92368492485744
11.19,63.14221208,40.92368492485744
11.19,66.82401392,40.92368492485744
11.19,66.9481196,40.92368492485744
11.91,27.42046052,41.66086031228183
11.91,35.9561734,41.66086031228183
11.91,55.50971276,41.66086031228183
11.91,61.99078716,41.66086031228183
11.91,63.528318639999995,41.66086031228183
9.61,18.01600788,39.305994491342815
9.61,38.60376124,39.305994491342815
9.61,52.20022796,39.305994491342815
9.61,53.95839176,39.305994491342815
9.61,56.63355864,39.305994491342815
11.33,15.340841,41.06702458352329
11.33,26.04840328,41.06702458352329
11.33,30.219733079999997,41.06702458352329
11.33,37.2661778,41.06702458352329
11.33,46.2293658,41.06702458352329
0.0,16.27852836,29.466750778636797
0.0,25.62092816,29.466750778636797
0.0,31.971002119999998,29.466750778636797
0.0,36.3009114,29.466750778636797
0.0,43.0577762,29.466750778636797
4.0,67.568648,33.56216959766115
1.9,57.226507999999995,31.412074717673367
5.9,81.75116932,35.50749353669772
0.0,64.0178466,29.466750778636797
11.25,78.80021203999999,40.9851162071428
8.2,41.36856,37.862359357636734
5.2,60.280886679999995,34.790795243368464
6.86,56.83350668,36.49039405326357
5.2,51.021224,34.790795243368464
20.0,55.55108132,49.94384487375859
3.0,44.13335876,32.53831489290506
3.0,39.37597436,32.53831489290506
20.8,55.647607959999995,50.76292863756346
17.9,47.27736932,47.7937499937708
15.3,44.32641204,45.13172776140497
0.0,52.30364936,29.466750778636797
0.0,49.249270679999995,29.466750778636797
8.26,41.36856,37.923790639922096
5.7,29.15794004,35.30272259574651
6.4,39.39665864,36.01942088907577
5.85,39.300132,35.45630080145992
9.45,67.86512268,39.14217773858184
9.5,58.522722879999996,39.19337047381965
7.6,53.57917996,37.24804653478308
9.03,58.99846132,38.71215876258428
10.35,76.23536132,40.06364697286232
9.0,69.83702404,38.6814431214416
0.0,14.39625888,29.466750778636797
8.08,19.41564416,37.739496793066
3.57,20.72564856,33.121912074616034
7.79,14.94094492,37.442578928686736
4.14,21.29101888,33.705509256327005
6.47,23.07676172,36.091090718408694
7.91,15.520104759999999,37.56544149325747
9.73,15.81657944,39.42885705591355
9.88,12.5484632,39.58243526162696
5.33,8.48744956,34.92389635498675
11.66,15.60973664,41.4048966360928
7.48,12.17614616,37.12518397021235
5.75,11.98309288,35.353915330984314
0.0,16.87837248,29.466750778636797
8.08,33.08795324,37.739496793066
3.57,34.23937816,33.121912074616034
7.79,31.812422639999998,37.442578928686736
4.14,29.7508894,33.705509256327005
6.47,33.00521612,36.091090718408694
7.91,32.90179472,37.56544149325747
9.73,29.55094136,39.42885705591355
9.88,19.41564416,39.58243526162696
5.33,24.65566176,34.92389635498675
11.66,29.592309919999998,41.4048966360928
7.48,24.28334472,37.12518397021235
5.75,20.72564856,35.353915330984314
0.0,26.200088,29.466750778636797
8.08,46.38794528,37.739496793066
3.57,39.1622368,33.121912074616034
7.79,41.20308576,37.442578928686736
4.14,33.68779736,33.705509256327005
6.47,38.20386516,36.091090718408694
7.91,41.40992856,37.56544149325747
9.73,37.810863839999996,39.42885705591355
9.88,24.84871504,39.58243526162696
5.33,27.22051248,34.92389635498675
11.66,44.63667624,41.4048966360928
7.48,37.2661778,37.12518397021235
5.75,33.27411176,35.353915330984314
0.0,36.56291228,29.466750778636797
8.08,53.72396992,37.739496793066
3.57,48.587373719999995,33.121912074616034
7.79,51.72448952,37.442578928686736
4.14,35.852751999999995,33.705509256327005
6.47,53.77223324,36.091090718408694
7.91,53.46196904,37.56544149325747
9.73,48.9872698,39.42885705591355
9.88,31.715896,39.58243526162696
5.33,39.64487,34.92389635498675
11.66,51.25564584,41.4048966360928
7.48,43.388724679999996,37.12518397021235
5.75,39.2656582,35.353915330984314
0.0,37.9556538,29.466750778636797
8.08,55.020184799999996,37.739496793066
3.57,49.99390476,33.121912074616034
7.79,53.65502232,37.442578928686736
4.14,37.6798634,33.705509256327005
6.47,56.061293559999996,36.091090718408694
7.91,56.8128224,37.56544149325747
9.73,50.93848688,39.42885705591355
9.88,33.56369168,39.58243526162696
5.33,41.1617172,34.92389635498675
11.66,52.95865156,41.4048966360928
7.48,44.27814872,37.12518397021235
5.75,40.14818748,35.353915330984314
11.61,57.02655996,41.353703900854995
11.64,44.42293868,41.38441954199768
11.64,51.021224,41.38441954199768
10.3,53.38612668,40.01245423762452
11.61,35.36322404,41.353703900854995
11.64,25.021084039999998,41.38441954199768
11.64,23.34565736,41.38441954199768
11.61,52.00717468,41.353703900854995
11.64,38.01770664,41.38441954199768
11.64,39.300132,41.38441954199768
11.61,61.06688932,41.353703900854995
11.64,56.14403068,41.38441954199768
11.64,55.25460664,41.38441954199768
10.3,54.765078679999995,40.01245423762452
14.32,50.23522136,44.128350150744
13.93,46.68441996,43.72904681588912
11.61,46.68441996,41.353703900854995
14.32,22.752708,44.128350150744
13.93,25.510612,43.72904681588912
11.61,34.77027468,41.353703900854995
14.32,36.83870268,44.128350150744
13.93,45.89841732,43.72904681588912
11.61,41.66503468,41.353703900854995
14.32,56.33708396,44.128350150744
13.93,47.96684532,43.72904681588912
11.61,61.45989064,41.353703900854995
13.13,44.02993736,42.90996305208425
12.25,55.45455468,42.00897091189889
3.93,55.55108132,33.49049976832823
3.93,57.915983999999995,33.49049976832823
3.93,25.60910856945864,33.49049976832823
3.93,33.488834284729315,33.49049976832823
3.93,59.590425715270676,33.49049976832823
3.93,29.54897143054136,33.49049976832823
3.93,37.92118,33.49049976832823
3.93,61.85584685418796,33.49049976832823
8.48,62.052839999999996,38.14903867496844
8.48,32.01138571527068,38.14903867496844
8.92,72.09850532,38.59953474506111
8.48,39.004642284729314,38.14903867496844
8.48,65.69721314581203,38.14903867496844
8.92,32.109882284729316,38.59953474506111
8.92,40.28509771527068,38.59953474506111
8.92,74.3649114581204,38.59953474506111
1.72,21.96670536,31.22778087081727
1.72,9.84965714581204,31.22778087081727
1.72,15.069975430541358,31.22778087081727
1.72,23.24519085418796,31.22778087081727
5.46,43.733462679999995,35.05699746660505
5.46,13.395533715270679,35.05699746660505
5.46,24.13166,35.05699746660505
5.46,44.520450284729314,35.05699746660505
10.91,62.935369279999996,40.63700560752574
10.91,59.494884039999995,40.63700560752574
10.91,25.11662571527068,40.63700560752574
10.91,23.639177145812038,40.63700560752574
10.91,35.75425543054136,40.63700560752574
10.91,38.610656,40.63700560752574
10.91,68.75060685418796,40.63700560752574
10.91,66.78067543054136,40.63700560752574
0.0,23.84897484,29.466750778636797
0.0,32.068218236,29.466750778636797
0.0,11.654902304,29.466750778636797
0.0,19.199148695999998,29.466750778636797
0.0,48.846616696,29.466750778636797
0.0,39.604880392,29.466750778636797
0.0,43.942373908,29.466750778636797
0.0,34.569637164,29.466750778636797
0.0,54.315540328,29.466750778636797
0.0,24.404692496,29.466750778636797
0.0,15.615941924,29.466750778636797
0.0,21.859147104,29.466750778636797
0.0,10.222171176,29.466750778636797
0.0,14.596896395999998,29.466750778636797
0.0,18.746162964,29.466750778636797
0.0,31.966865263999996,29.466750778636797
0.0,23.404952295999998,29.466750778636797
0.0,25.573354316,29.466750778636797
0.0,41.680203152,29.466750778636797
0.0,27.742445811999996,29.466750778636797
0.0,8.204074924,29.466750778636797
0.0,9.617500724000001,29.466750778636797
0.0,25.422359072,29.466750778636797
0.0,15.691094808,29.466750778636797
0.0,27.935499091999997,29.466750778636797
0.0,32.626693796000005,29.466750778636797
0.0,17.236210524,29.466750778636797
0.0,19.765208492,29.466750778636797
0.0,39.435269296,29.466750778636797
0.0,25.745033839999998,29.466750778636797
0.0,33.082437432,29.466750778636797
0.0,24.065470304,29.466750778636797
0.0,21.819846971999997,29.466750778636797
0.0,21.066249704,29.466750778636797
0.0,14.843728804,29.466750778636797
0.0,32.051670812,29.466750778636797
0.0,11.957582268,29.466750778636797
0.0,25.447869684,29.466750778636797
0.0,22.489328168,29.466750778636797
0.0,25.216895223999998,29.466750778636797
0.0,39.699338604,29.466750778636797
0.0,13.089012384,29.466750778636797
0.0,38.70028788,29.466750778636797
0.0,7.507014687999999,29.466750778636797
0.0,17.576122192,29.466750778636797
0.0,21.179323768,29.466750778636797
0.0,18.19871902,29.466750778636797
0.0,17.200357771999997,29.466750778636797
0.0,22.629981272,29.466750778636797
0.0,21.859147104,29.466750778636797
0.0,12.37264682,29.466750778636797
0.0,25.726417988,29.466750778636797
0.0,37.813621743999995,29.466750778636797
0.0,21.917063088,29.466750778636797
0.0,33.0431373,29.466750778636797
0.0,14.54104884,29.466750778636797
0.0,26.91369566,29.466750778636797
0.0,7.995853172,29.466750778636797
0.0,31.899986092,29.466750778636797
0.0,10.335934715999999,29.466750778636797
0.0,19.765208492,29.466750778636797
0.0,37.437857324,29.466750778636797
0.0,11.483912255999998,29.466750778636797
0.0,24.437787344,29.466750778636797
0.0,17.596806471999997,29.466750778636797
0.0,10.730314988,29.466750778636797
0.0,31.38150014,29.466750778636797
0.0,13.22414968,29.466750778636797
0.0,20.96696516,29.466750778636797
0.0,27.04124872,29.466750778636797
0.0,32.039949719999996,29.466750778636797
0.0,35.17017076,29.466750778636797
0.0,36.44570136,29.466750778636797
0.0,38.89334116,29.466750778636797
0.0,6.467284879999999,29.466750778636797
0.0,12.83804312,29.466750778636797
0.0,18.415903959999998,29.466750778636797
0.0,21.946021079999998,29.466750778636797
0.0,24.104080959999997,29.466750778636797
0.0,25.083136879999998,29.466750778636797
0.0,21.26343984,29.466750778636797
0.0,25.965666159999998,29.466750778636797
0.0,11.36256448,29.466750778636797
0.0,31.25394708,29.466750778636797
0.0,32.32952964,29.466750778636797
0.0,33.70158688,29.466750778636797
0.0,9.307926,29.466750778636797
0.0,26.94472208,29.466750778636797
0.0,27.62730332,29.466750778636797
0.0,29.7853632,29.466750778636797
0.0,34.48758952,29.466750778636797
0.0,36.14922668,29.466750778636797
0.0,12.541568439999999,29.466750778636797
0.0,27.53077668,29.466750778636797
0.0,32.922478999999996,29.466750778636797
0.0,9.99050724,29.466750778636797
0.0,7.8393421199999995,29.466750778636797
0.0,12.24509376,29.466750778636797
0.0,11.169511199999999,29.466750778636797
0.0,17.3403214,29.466750778636797
0.0,17.54026944,29.466750778636797
0.0,30.57136584,29.466750778636797
0.0,14.2032056,29.466750778636797
0.0,24.49708228,29.466750778636797
0.0,15.575262839999999,29.466750778636797
0.0,26.848195439999998,29.466750778636797
0.0,26.0621928,29.466750778636797
0.0,38.21075992,29.466750778636797
0.0,43.69898888,29.466750778636797
0.0,30.143890719999998,29.466750778636797
0.0,12.73462172,29.466750778636797
0.0,20.87043852,29.466750778636797
0.0,20.27748916,29.466750778636797
0.0,34.29453624,29.466750778636797
0.0,19.539060364,29.466750778636797
0.0,47.714497103999996,29.466750778636797
0.0,43.377003588,29.466750778636797
0.0,29.89223198,29.466750778636797
0.0,6.902344236,29.466750778636797
0.0,33.192064116000005,29.466750778636797
0.0,4.9035533120000006,29.466750778636797
0.0,4.565020596,29.466750778636797
0.0,25.460969728000002,29.466750778636797
0.0,24.290928956,29.466750778636797
0.0,33.947729812,29.466750778636797
0.0,11.414275179999999,29.466750778636797
0.0,20.593958644,29.466750778636797
0.0,25.893960655999997,29.466750778636797
0.0,29.231713971999998,29.466750778636797
0.0,31.023662096000002,29.466750778636797
0.0,10.3938507,29.466750778636797
0.0,33.664355176,29.466750778636797
0.0,27.874825204,29.466750778636797
0.0,19.35014394,29.466750778636797
0.0,11.392211948,29.466750778636797
0.0,12.788400847999998,29.466750778636797
0.0,39.321505756,29.466750778636797
0.0,4.782205536,29.466750778636797
0.0,16.10960674,29.466750778636797
0.0,43.377003588,29.466750778636797
0.0,20.416073836,29.466750778636797
0.0,6.940954892,29.466750778636797
0.0,15.030576799999999,29.466750778636797
0.0,13.565440299999999,29.466750778636797
0.0,32.53292506,29.466750778636797
0.0,15.748321315999998,29.466750778636797
0.0,7.675936308,29.466750778636797
0.0,38.804398756000005,29.466750778636797
0.0,33.003837168,29.466750778636797
0.0,17.275510655999998,29.466750778636797
0.0,24.281965768,29.466750778636797
0.0,24.046164976,29.466750778636797
0.0,36.588422892,29.466750778636797
0.0,50.732333556,29.466750778636797
0.0,13.664035367999999,29.466750778636797
0.0,14.143910664,29.466750778636797
0.0,47.782065751999994,29.466750778636797
0.0,2.331807832,29.466750778636797
0.0,16.889404096,29.466750778636797
0.0,23.523542168,29.466750778636797
0.0,6.8085755,29.466750778636797
0.0,39.700028079999996,29.466750778636797
0.0,17.96429718,29.466750778636797
0.0,32.88455782,29.466750778636797
0.0,22.347985588,29.466750778636797
0.0,10.787541496,29.466750778636797
0.0,7.723510152,29.466750778636797
0.0,41.684340008,29.466750778636797
0.0,9.561653168,29.466750778636797
0.0,6.883728383999999,29.466750778636797
0.0,50.526869708,29.466750778636797
0.0,17.165883972,29.466750778636797
0.0,30.439675923999996,29.466750778636797
0.0,9.731264264,29.466750778636797
0.0,3.31982694,29.466750778636797
0.0,26.322814728,29.466750778636797
0.0,43.25082948,29.466750778636797
0.0,6.280436883999999,29.466750778636797
0.0,32.102692036,29.466750778636797
0.0,36.964187312,29.466750778636797
0.0,54.598914963999995,29.466750778636797
0.0,21.48062478,29.466750778636797
0.0,9.694722036,29.466750778636797
0.0,8.374375495999999,29.466750778636797
0.0,39.6621069,29.466750778636797
0.0,10.089791784,29.466750778636797
0.0,4.827710952,29.466750778636797
0.0,10.354550567999999,29.466750778636797
0.0,43.565230536,29.466750778636797
0.0,51.863763672,29.466750778636797
0.0,11.85209244,29.466750778636797
0.0,17.24379476,29.466750778636797
0.0,27.827251359999998,29.466750778636797
0.0,35.763120119999996,29.466750778636797
0.0,38.70028788,29.466750778636797
0.0,14.306626999999999,29.466750778636797
0.0,17.43684804,29.466750778636797
0.0,31.74347504,29.466750778636797
0.0,37.91428524,29.466750778636797
0.0,39.382869119999995,29.466750778636797
0.0,15.87173752,29.466750778636797
0.0,9.011451319999999,29.466750778636797
0.0,33.60506024,29.466750778636797
0.0,40.65839972,29.466750778636797
0.0,40.85834776,29.466750778636797
0.0,12.052040479999999,29.466750778636797
0.0,17.54026944,29.466750778636797
0.0,18.91232668,29.466750778636797
0.0,25.17966352,29.466750778636797
0.0,30.9574724,29.466750778636797
0.0,43.892042159999995,29.466750778636797
0.0,54.27555072,29.466750778636797
0.0,36.93522932,29.466750778636797
0.0,14.49968028,29.466750778636797
0.0,22.435549039999998,29.466750778636797
0.0,12.63809508,29.466750778636797
0.0,26.0621928,29.466750778636797
0.0,33.21205892,29.466750778636797
0.0,36.93522932,29.466750778636797
0.0,44.0919902,29.466750778636797
0.0,52.61391356,29.466750778636797
0.0,59.76377968,29.466750778636797
0.0,67.30664712,29.466750778636797
0.0,69.65776027999999,29.466750778636797
0.0,71.62276688,29.466750778636797
0.0,74.16693332,29.466750778636797
0.0,18.12632404,29.466750778636797
0.0,22.53207568,29.466750778636797
0.0,27.337723399999998,29.466750778636797
0.0,29.97841648,29.466750778636797
0.0,31.35047372,29.466750778636797
0.0,32.72253096,29.466750778636797
0.0,6.26733684,29.466750778636797
0.0,14.699628319999999,29.466750778636797
0.0,23.221551679999997,29.466750778636797
0.0,27.923778,29.466750778636797
0.0,31.35047372,29.466750778636797
0.0,38.99676256,29.466750778636797
0.0,41.244454319999996,29.466750778636797
0.0,14.98920824,29.466750778636797
0.0,13.52062436,29.466750778636797
0.0,24.00065956,29.466750778636797
0.0,37.42475728,29.466750778636797
0.0,11.46598588,29.466750778636797
0.0,22.435549039999998,29.466750778636797
0.0,21.160018439999998,29.466750778636797
0.0,31.84000168,29.466750778636797
0.0,14.796154959999999,29.466750778636797
0.0,25.17966352,29.466750778636797
0.0,17.54026944,29.466750778636797
0.0,14.2032056,29.466750778636797
0.0,21.6495464,29.466750778636797
0.0,29.39236188,29.466750778636797
0.0,13.52062436,29.466750778636797
0.0,16.26473884,29.466750778636797
0.0,31.44700036,29.466750778636797
0.0,37.231704,29.466750778636797
0.0,18.12632404,29.466750778636797
0.0,32.72253096,29.466750778636797
0.0,39.48629052,29.466750778636797
0.0,41.05140104,29.466750778636797
0.0,42.126983599999996,29.466750778636797
0.0,18.12632404,29.466750778636797
0.0,26.74477404,29.466750778636797
0.0,61.921839559999995,29.466750778636797
0.0,47.22221124,29.466750778636797
0.0,51.04190828,29.466750778636797
0.0,55.15808,29.466750778636797
0.0,41.63745564,29.466750778636797
0.0,13.71367764,29.466750778636797
0.0,19.691434559999998,29.466750778636797
0.0,31.6469484,29.466750778636797
0.0,19.10537996,29.466750778636797
0.0,39.58281716,29.466750778636797
0.0,48.79421652,29.466750778636797
0.0,24.00065956,29.466750778636797
0.0,37.42475728,29.466750778636797
0.0,11.46598588,29.466750778636797
0.0,19.691434559999998,29.466750778636797
0.0,14.98920824,29.466750778636797
0.0,27.923778,29.466750778636797
0.0,34.6806428,29.466750778636797
0.0,37.32823064,29.466750778636797
0.0,38.11423328,29.466750778636797
0.0,33.79811352,29.466750778636797
0.0,42.42345828,29.466750778636797
0.0,48.401215199999996,29.466750778636797
0.0,55.94408264,29.466750778636797
0.0,58.78472376,29.466750778636797
0.0,67.11359384,29.466750778636797
0.0,20.77391188,29.466750778636797
0.0,25.17966352,29.466750778636797
0.0,29.58541516,29.466750778636797
0.0,21.7529678,29.466750778636797
0.0,39.0932892,29.466750778636797
0.0,24.39366088,29.466750778636797
0.0,50.511011759999995,29.466750778636797
0.0,74.98740975999999,29.466750778636797
9.0,37.16965116,38.6814431214416
19.0,33.75674496,48.9199901690025
10.0,16.49916068,39.70529782619769
9.0,19.98790924,38.6814431214416
18.0,36.34917472,47.89613546424641
22.0,33.68779736,51.991554283270766
18.0,15.41668336,47.89613546424641
6.0,33.41890172,35.60987900717333
7.0,39.05192064,36.63373371192942
15.0,27.67556664,44.82457134997814
6.0,26.8550902,35.60987900717333
10.0,45.2985732,39.70529782619769
10.0,30.12320644,39.70529782619769
12.0,15.568368079999999,41.75300723570987
11.0,44.6090972,40.72915253095378
6.0,53.52402188,35.60987900717333
5.0,57.21271848,34.58602430241724
7.0,65.90701084,36.63373371192942
9.0,52.82075636,38.6814431214416
8.0,33.398217439999996,37.65758841668551
12.0,18.0297974,41.75300723570987
11.0,37.36270444,40.72915253095378
11.0,32.83974188,40.72915253095378
6.0,42.63719584,35.60987900717333
6.0,40.0585556,35.60987900717333
9.0,41.940825079999996,38.6814431214416
9.0,61.232363559999996,38.6814431214416
11.0,40.865242519999995,40.72915253095378
5.0,33.301690799999996,34.58602430241724
8.0,52.42086028,37.65758841668551
13.0,15.08573488,42.77686194046596
10.0,38.45897128,39.70529782619769
11.0,37.25928304,40.72915253095378
6.0,35.225328839999996,35.60987900717333
7.0,42.13387836,36.63373371192942
11.0,31.874475479999997,40.72915253095378
6.0,41.540929,35.60987900717333
12.0,39.45181672,41.75300723570987
13.0,37.91428524,42.77686194046596
9.0,44.27814872,38.6814431214416
10.0,31.17810472,39.70529782619769
6.0,23.69039536,35.60987900717333
11.0,32.763899519999995,40.72915253095378
9.0,32.39847724,38.6814431214416
6.0,28.62704352,35.60987900717333
8.0,36.80422888,37.65758841668551
9.0,18.28490352,38.6814431214416
3.0,33.0603742,32.53831489290506
11.0,31.419421319999998,40.72915253095378
3.0,31.026419999999998,32.53831489290506
8.0,44.38846488,37.65758841668551
8.0,12.17614616,37.65758841668551
8.0,25.55887532,37.65758841668551
7.0,36.4388066,36.63373371192942
13.0,32.956952799999996,42.77686194046596
10.0,23.83518532,39.70529782619769
8.0,26.22766704,37.65758841668551
16.0,17.95395504,45.84842605473423
11.0,40.679083999999996,40.72915253095378
8.0,19.00885332,37.65758841668551
5.0,33.7153764,34.58602430241724
11.0,8.53571288,40.72915253095378
16.0,13.45857152,45.84842605473423
11.0,32.23989776,40.72915253095378
7.0,23.51802636,36.63373371192942
8.0,29.72331036,37.65758841668551
10.0,49.77327244,39.70529782619769
10.0,52.44154456,39.70529782619769
7.0,40.93419012,36.63373371192942
3.0,44.86420332,32.53831489290506
11.0,13.19657064,40.72915253095378
12.0,37.431652039999996,41.75300723570987
8.0,29.86810032,37.65758841668551
8.0,56.61287436,37.65758841668551
9.0,12.45883132,38.6814431214416
9.0,23.786922,38.6814431214416
10.0,13.29309728,39.70529782619769
10.0,39.417342919999996,39.70529782619769
8.0,46.2293658,37.65758841668551
8.0,44.51946532,37.65758841668551
3.0,23.73865868,32.53831489290506
7.0,26.14492992,36.63373371192942
15.0,15.520104759999999,44.82457134997814
7.0,43.5748832,36.63373371192942
13.0,35.85964676,42.77686194046596
8.0,41.05140104,37.65758841668551
9.0,28.98557104,38.6814431214416
6.0,46.24315532,35.60987900717333
2.0,26.91714304,31.514460188148977
8.0,10.53519328,37.65758841668551
8.0,25.0969264,37.65758841668551
10.0,29.06830816,39.70529782619769
9.0,9.735401119999999,38.6814431214416
6.0,33.79811352,35.60987900717333
10.0,39.84481804,39.70529782619769
6.0,26.96540636,35.60987900717333
8.0,27.234302,37.65758841668551
10.0,30.647208199999998,39.70529782619769
9.0,33.05347944,38.6814431214416
8.0,24.579819399999998,37.65758841668551
6.0,21.91154728,35.60987900717333
7.0,30.881630039999997,36.63373371192942
6.0,15.340841,35.60987900717333
7.0,24.3385028,36.63373371192942
7.0,23.8903434,36.63373371192942
6.0,22.93197176,35.60987900717333
7.0,29.41304616,36.63373371192942
6.0,28.629801423999997,35.60987900717333
8.0,36.804918356,37.65758841668551
9.1,18.287661424,38.783828591917214
3.4,32.720462532,32.947856774807505
10.5,31.420110796000003,40.21722517857574
3.1,28.937997196,32.640700363380674
8.0,40.925226931999994,37.65758841668551
7.9,12.180972492,37.5552029462099
8.0,25.559564796,37.65758841668551
7.4,36.443632932,37.04327559383186
12.6,32.96384756,42.36732005856352
9.9,23.835874796,39.60291235572208
8.0,26.233182848000002,37.65758841668551
16.1,17.959470848000002,45.95081152520984
10.8,38.630650804,40.52438159000256
8.0,19.009542795999998,37.65758841668551
5.0,33.71882378,34.58602430241724
11.0,8.536402356,40.72915253095378
15.6,13.461329424,45.43888417283179
10.6,32.245413568000004,40.31961064905134
7.1,23.524231644,36.736119182405034
8.4,29.726068263999995,38.06713029858795
10.4,49.77327244,40.11483970810013
9.6,52.446370892,39.29575594429526
7.2,40.934879596,36.838504652880644
3.4,44.868340176000004,32.947856774807505
11.1,13.202086448,40.831538001429394
11.9,37.431652039999996,41.65062176523426
8.5,29.870858223999996,38.16951576906356
8.1,56.619079643999996,37.759973887161124
9.1,12.459520796,38.783828591917214
9.1,23.786922,38.783828591917214
10.0,13.293786756,39.70529782619769
10.4,39.421479776,40.11483970810013
8.0,46.234192132,37.65758841668551
8.0,44.523602176000004,37.65758841668551
3.4,23.744174488,32.947856774807505
7.5,26.147687824,37.14566106430747
15.0,15.526310044,44.82457134997814
7.0,43.57833058,36.63373371192942
12.8,35.86585204399999,42.57209099951474
8.0,41.053469468,37.65758841668551
9.2,28.991086848000002,38.886214062392824
5.5,46.247292176,35.09795165479529
2.2,26.922658848,31.719231129100194
7.8,10.535882756,37.45281747573429
8.0,25.10382116,37.65758841668551
10.4,29.073134491999998,40.11483970810013
9.1,9.738159024,38.783828591917214
6.5,33.798802996,36.12180635955138
9.0,37.171030112,38.6814431214416
18.8,33.762260768,48.71521922805128
10.1,16.503987012,39.807683296673304
8.8,19.98790924,38.47667218049038
18.3,36.349864196,48.20329187567324
22.1,38.215586251999994,52.093939753746376
17.9,15.42357812,47.7937499937708
6.2,33.419591196,35.814649948124554
6.7,39.056057496,36.3265773005026
15.0,27.681082448,44.82457134997814
6.3,26.859916531999996,35.917035418600165
10.0,45.304778483999996,39.70529782619769
9.8,30.12320644,39.50052688524647
11.6,15.569747031999999,41.34346535380743
10.9,44.61185510399999,40.62676706047817
6.0,53.524711356,35.60987900717333
4.6,57.21823428799999,34.17648242051481
6.6,65.909079268,36.22419183002699
9.5,52.826961643999994,39.19337047381965
8.3,33.399596392,37.964744828112345
11.7,18.033934256,41.44585082428304
10.7,37.363393916,40.42199611952695
11.3,35.314271244,41.03630894238061
6.1,42.6440906,35.712264477648944
5.7,40.062002979999995,35.30272259574651
9.2,43.798273423999994,38.886214062392824
8.9,61.23581094,38.57905765096599
11.0,40.8686899,40.72915253095378
5.5,33.306517131999996,35.09795165479529
8.5,52.426376088,38.16951576906356
12.6,15.091250688,42.36732005856352
10.1,38.461039708,39.807683296673304
11.5,37.265488323999996,41.24107988333183
5.8,35.225328839999996,35.40510806622211
7.0,42.14008364399999,36.63373371192942
11.1,31.875164956000003,40.831538001429394
5.9,41.542307951999994,35.50749353669772
12.2,39.455953576,41.95777817666109
12.7,37.917043144,42.46970552903913
8.9,44.284354003999994,38.57905765096599
10.4,31.178794196000002,40.11483970810013
6.1,23.696600644,35.712264477648944
11.3,32.768036376000005,41.03630894238061
8.6,32.401235144,38.27190123953917
