,count,mean,std,min,25%,50%,75%,max
cement,1030.0,281.16563106796116,104.5071416428718,102.0,192.375,272.9,350.0,540.0
blast_furnace_slag,1030.0,73.89548543689321,86.27910364316895,0.0,0.0,22.0,142.95,359.4
fly_ash,1030.0,54.1871359223301,63.99646938186508,0.0,0.0,0.0,118.27,200.1
water,1030.0,181.56635922330096,21.355567066911522,121.75,164.9,185.0,192.0,247.0
superplasticizer,1030.0,6.203111650485437,5.973491650590111,0.0,0.0,6.35,10.16,32.2
coarse_aggregate,1030.0,972.9185922330097,77.75381809178927,801.0,932.0,968.0,1029.4,1145.0
fine_aggregate,1030.0,773.5788834951456,80.1754273990239,594.0,730.95,779.51,824.0,992.6
age,1030.0,45.662135922330094,63.16991158103249,1.0,7.0,28.0,56.0,365.0
concrete_compressive_strength,1030.0,35.8178358261136,16.705679174867946,2.331807832,23.707115153,34.44277358,46.13628654,82.5992248
